note_id,type,title,desc,video_url,time,last_update_time,user_id,nickname,avatar,liked_count,collected_count,comment_count,share_count,ip_location,image_list,tag_list,last_modify_ts,note_url,source_keyword,xsec_token
62ab2985000000002103b438,normal,细思极恐🆘超大尺度悬疑片❗半夜不敢看,"mie门❓鲨女❓计中计❗一部充满了人性yu望的悬疑电影🔥🔥🔥
	
📺片名《血观音》
⚠️悬疑
🏅8.5分|2017|中国台湾
惠英红🆚吴可熙🆚文琪
	
📢棠家有母女三人。棠夫人手段狠辣，周旋于复杂的政商关系❗大女儿棠宁浑身是刺却被迫配合母亲完成桃s交易㊙️小女儿棠真看似单纯，唯母命是从❓三人各怀鬼胎❌
	
📢棠夫人与众官员夫人密谋购买地皮之事，可被众人委托此事的林议员一家某日惨遭mie门‼️只剩女儿重伤残活🆘棠家三人被牵扯其中⚠️这是三个利己者的争斗‼️
	
📢这部电影把人性展现得淋漓尽致，片尾那段棠真对着病床上奄奄一息的棠夫人说道：长命百岁（偿命百岁），万年富贵（万年负愧），令人毛骨悚然🆘🆘🆘结尾的台词说得好：“世界上最可怕的不是眼前的刑罚，而是那无爱的未来”🙏
	
📢本片2017年斩获金马奖最佳剧情片、观众票选最佳影片，主演惠英红更是荣获第54届金马奖最佳女主角🏅三个女性角色的表演都可⭕可点。
	
#悬疑[话题]# #悬疑片[话题]# #悬疑电影[话题]# #烧脑悬疑剧[话题]# #电影[话题]# #高分电影[话题]# #电影推荐[话题]# #细思极恐[话题]# #烧脑悬疑剧[话题]# #好剧推荐[话题]# #追剧[话题]# #推荐一部好电影[话题]# #看一部电影[话题]# #悬疑惊悚[话题]#",,1655384453000,1655384454000,5f16e8e2000000000101e6be,不冷不热（推剧）,https://sns-avatar-qc.xhscdn.com/avatar/1040g2jo31nruniqh5m605nomt3h0bplugs0rtro,2.3万,1万,513,1711,,"http://sns-webpic-qc.xhscdn.com/202511172333/7d9fe371332e868287b70d3c412239db/01026g01klb82zlxx3201191hk9bt9tyre!nd_dft_wlteh_webp_3,http://sns-webpic-qc.xhscdn.com/202511172333/887e35def6bf8dbb93955f9aeec13a45/01026g01klb82zlxx3201191hk9asx0rye!nd_dft_wlteh_webp_3,http://sns-webpic-qc.xhscdn.com/202511172333/d6574b9e876d077bc1a30d3b8603773f/01026g01klb82zlxx3201191hk97i0iwb6!nd_dft_wlteh_webp_3,http://sns-webpic-qc.xhscdn.com/202511172333/c0770a85fe8d0c0b2da09973abfba3e8/01026g01klb82zlxx3201191hk96z9y1p4!nd_dft_wlteh_webp_3,http://sns-webpic-qc.xhscdn.com/202511172333/079644a24a4266222491cf71d43cef7e/01026g01klb82zlxx3201191hk949lfkg1!nd_dft_wlteh_webp_3","悬疑,悬疑片,悬疑电影,烧脑悬疑剧,电影,高分电影,电影推荐,细思极恐,好剧推荐,追剧,推荐一部好电影,看一部电影,悬疑惊悚",1763393710325,https://www.xiaohongshu.com/explore/62ab2985000000002103b438?xsec_token=ABUzRAQPorxucKzpGpVeoosa8_Ge0CaxR2_uXCOGxnBRA=&xsec_source=pc_search,血观音 母女,ABUzRAQPorxucKzpGpVeoosa8_Ge0CaxR2_uXCOGxnBRA=
67a84ef400000000290330c3,normal,《血观音》本应陌路人，奈何成母女,"#血观音[话题]# #血观音解析[话题]# #血观音棠宁[话题]#
	
棠佘月影和棠宁的人生本来是截然相反的
一个从是低层酒家女，靠着一个个有权势的男人当台阶往上爬，其中受得罪吃得苦，心中多少筹划算计，都隐藏在棠夫人漫不经心的笑容里
	
尤其在看尽将军死后所有人拜高踩低的嘴脸后，权势地位那必须是必需品
	
棠宁天生就是小公主，作为将军在台湾唯一的独生女，物质地位自是不缺的，但大概就是比较爱自由的性格，受不了严格管教，青春期离家出走，未婚先孕
	
如果不是未婚先孕，破坏了上层阶级体面的规律无法联姻，棠宁可能一辈子也不会和母亲三观行为有正面冲突
	
在棠夫人眼里，为达目的一切都可以利用，陪睡也只是其中一个手段，甚至让女儿顶罪都不是什么要紧的事，
	
反正等冯秘书和自己掌权之后，从监狱捞出来也是分分钟的事，虽然因为未婚先孕上层嫁不了，但是嫁给廖队长这种新起之秀也是可以的，有权提拔也很容易，到时候又是体面的官太太
	
棠宁并没有棠夫人底层爬出来的那种强悍的心脏和忍辱负重得过往
她是正常环境长大的
她眼里母爱绝不应该是自己被母亲一次次为了什么目的，把自己推到各种男人的床上去
	
但她也不是独立的人，也没有什么生存技能，她要的自由从一开始就是做不到的，她无法对自己负责
	
这部影片导演得倾向很正义，他虽然把棠佘月影塑造得很有魅力，但是他本人很明显觉得，棠夫人是地狱恶鬼，值得永世不得超生
	
恩……怎么说呢，棠夫人当然值得这个恶鬼的称号
但是，为什么只有女性为了权势不择手段就会被指责啊？
	
翻开历史书，那些功成名就的帝王将相哪个都是杀人千万，出卖亲生子女，那更是家常便饭
	
如果棠佘月影应该去下地狱，那这些人是不是得在十八层地狱待个千万年才能投胎
	
当然，封建社会亡了一百年了，世界崇尚人权民主
	
棠宁当然是值得同情的—— 一个有普世价值观的，只想要普通世俗之爱的普通人，偏偏摊上一个权势至上主义的妈
	
后者还把自己的价值观强加在前者身上
	
想来想去，唯有祝愿
棠宁来生能得到她想要的世俗之爱
棠夫人继续走她永不回头得修罗路
两个三观背道而驰的人——永不复相见",,1739083508000,1739147057000,6491063f000000001001ef92,破釜沉舟,https://sns-avatar-qc.xhscdn.com/avatar/1040g2jo31fp1njbr7e105p4h0ovk3rsimecpq7o,6208,809,220,257,,http://sns-webpic-qc.xhscdn.com/202511172333/031e6dbd6495d92557ae474000cc4369/1040g00831dm1s7u0gc005p4h0ovk3rsiq3pb54o!nd_dft_wlteh_webp_3,"血观音,血观音解析,血观音棠宁",1763393711307,https://www.xiaohongshu.com/explore/67a84ef400000000290330c3?xsec_token=ABPW72p3QD-1D3Mmf_FuL_8_YN1yr__5ckXYyLJRNlOg0=&xsec_source=pc_search,血观音 母女,ABPW72p3QD-1D3Mmf_FuL_8_YN1yr__5ckXYyLJRNlOg0=
67c13b23000000002a00eb85,normal,《血观音》中棠宁知道自己会死吗？,"转载，侵删。
	
血观音中的母女关系不仅适用于一些畸形的母女关系，也适用一些畸形的父女关系。
	
#血观音[话题]# #血观音棠[话题]# #人知鬼恐怖鬼晓人心毒[话题]# #女性意识的觉醒[话题]#",,1740716835000,1740750102000,615bf446000000000201a0c4,金光初生,https://sns-avatar-qc.xhscdn.com/avatar/1040g2jo318l60vl60o005oaruh30j864l9jdie8,1638,520,86,103,,"http://sns-webpic-qc.xhscdn.com/202511172333/806687caa3026091b334f11fe3066baa/1040g2sg31eecmng508dg5oaruh30j864j86c5u8!nd_dft_wlteh_webp_3,http://sns-webpic-qc.xhscdn.com/202511172333/0fb7a842071e07762e6dabf06c7c4f65/1040g2sg31eecmnm6gedg5oaruh30j864bgjprt0!nd_dft_wlteh_webp_3,http://sns-webpic-qc.xhscdn.com/202511172333/f94f59af8b8b99566d65c6b711c3fc5b/1040g2sg31eecmngj16605oaruh30j864j29mii8!nd_dft_wlteh_webp_3,http://sns-webpic-qc.xhscdn.com/202511172333/8a2971bcd7f393fcc77feb8ddc1655bf/1040g00831eecmnm6126g5oaruh30j864i1ur8mg!nd_dft_wlteh_webp_3,http://sns-webpic-qc.xhscdn.com/202511172333/fac449a1f8b9dca8a2f07c45cfa83040/1040g2sg31eecmnm5h6dg5oaruh30j8640umcbd0!nd_dft_wlteh_webp_3,http://sns-webpic-qc.xhscdn.com/202511172333/3f8aa91c3489062d882176728bdafd56/1040g2sg31eecmnljh26g5oaruh30j8644s1ps6g!nd_dft_wlteh_webp_3,http://sns-webpic-qc.xhscdn.com/202511172333/6aec68c03fa3228cc924b5305e613bff/1040g00831eecmnl012605oaruh30j864ssfflcg!nd_dft_wlteh_webp_3,http://sns-webpic-qc.xhscdn.com/202511172333/ccf7515dd3dcfc841e4a70636ce8dca2/1040g2sg31eecmnkdh6dg5oaruh30j8643tc83ng!nd_dft_wlteh_webp_3,http://sns-webpic-qc.xhscdn.com/202511172333/69978eaddd4f1467162e8bb19d0342ca/1040g2sg31eecmnjl0e605oaruh30j864jj3vftg!nd_dft_wlteh_webp_3,http://sns-webpic-qc.xhscdn.com/202511172333/33e2629f96de65dfe5205434b4a82269/1040g00831eecmnjmh66g5oaruh30j864n68peag!nd_dft_wlteh_webp_3,http://sns-webpic-qc.xhscdn.com/202511172333/09e6f387980bb2d08c75a3c8fc4ecf78/1040g2sg31eecmnj716d05oaruh30j8645f9q6h8!nd_dft_wlteh_webp_3,http://sns-webpic-qc.xhscdn.com/202511172333/48bd713434e63cf8bff19cb3bdfa5608/1040g00831eecmnj4gc6g5oaruh30j8647srmr78!nd_dft_wlteh_webp_3,http://sns-webpic-qc.xhscdn.com/202511172333/b9d50fcd450ceb622b8c1689b267a039/1040g00831eecmnib16605oaruh30j8642fpmstg!nd_dft_wlteh_webp_3,http://sns-webpic-qc.xhscdn.com/202511172333/ad22ae6b23aad8a0ffbf0a0ace321a56/1040g2sg31eecmnhog8d05oaruh30j8648piaqm0!nd_dft_wlteh_webp_3,http://sns-webpic-qc.xhscdn.com/202511172333/b374ff26469038620319adcd9f596c50/1040g2sg31eecmnh7gcdg5oaruh30j864ajf02og!nd_dft_wlteh_webp_3,http://sns-webpic-qc.xhscdn.com/202511172333/aa2c23bf159b63e062efd08360e52f9d/1040g00831eecmng8gc4g5oaruh30j8646jfkpb0!nd_dft_wlteh_webp_3,http://sns-webpic-qc.xhscdn.com/202511172333/487ce704f6c9acb9174c12938f9ea503/1040g2sg31eecmng70ed05oaruh30j864hjkped8!nd_dft_wlteh_webp_3,http://sns-webpic-qc.xhscdn.com/202511172333/9363b1a5a6574a957942339cbfddd0a2/1040g00831eecmng70c6g5oaruh30j86463ser9g!nd_dft_wlteh_webp_3","血观音,血观音棠,人知鬼恐怖鬼晓人心毒,女性意识的觉醒",1763393711308,https://www.xiaohongshu.com/explore/67c13b23000000002a00eb85?xsec_token=AB5goKWek-8nZQx2gMH4_1E2Grr1zp9gCYTxIujY2KsnQ=&xsec_source=pc_search,血观音 母女,AB5goKWek-8nZQx2gMH4_1E2Grr1zp9gCYTxIujY2KsnQ=
67d7e2cf000000001b025892,video,「19」背锅30亿，棠宁决定拿回失去的一切！,深度拉片《血观音》  ﻿#红薯地影视狂飙季[话题]#﻿ ﻿#血观音[话题]#﻿ ﻿#惠英红[话题]#﻿ ﻿#文淇[话题]#﻿ ﻿#审美积累[话题]#﻿ ﻿#拉片[话题]#﻿ ﻿#视听语言[话题]#﻿ ﻿#东东爆破[话题]#﻿﻿,http://sns-video-bd.xhscdn.com/spectrum/1040g35831f4fj1f56q0g5nvld63g8tnedlg34n0,1742201551000,1742225901000,5ff5698700000000010076ee,东东爆破,https://sns-avatar-qc.xhscdn.com/avatar/1040g2jo30smsn6nqjs005nvld63g8tne12se49o,1268,187,37,14,,http://sns-webpic-qc.xhscdn.com/202511172333/2fa215e24727c9be4ed59a59a56e8ef7/spectrum/1040g34o31f4s99e15s0g5nvld63g8tne3lhuosg!nd_dft_wlteh_webp_3,"红薯地影视狂飙季,血观音,惠英红,文淇,审美积累,拉片,视听语言,东东爆破",1763393711311,https://www.xiaohongshu.com/explore/67d7e2cf000000001b025892?xsec_token=AB5PltPeDLCsB0szer9BoYstTUh-99NUK2gYMax2kewsc=&xsec_source=pc_search,血观音 母女,AB5PltPeDLCsB0szer9BoYstTUh-99NUK2gYMax2kewsc=
6641ff53000000001e0238dc,normal,血观音 | 棠宁棠真这条线看得我好痛苦,"当年第一次看的时候连主线剧情都看得云里雾里的，伏笔和暗喻也都是看解说和分析帖才明白的。这次重温完全被棠宁和棠真这条母女线吸引了全部注意，甚至看哭了。
最令我动容的一幕是Marco被审讯后，棠宁骑车载着心情低落的棠真离去。一路上沉默无言的俩人双手紧紧握在了一起，棠真也将头靠在了棠宁的肩上，昏黄的路灯下微风拂过她们的面庞和发丝。平时隔阂很深无法靠近的母女俩在脆弱的时刻才有了短暂的相互慰藉，这一幕在这部鬼气森森黑暗得像看不到尽头的电影里美好温情得让我想落泪。
棠宁在这部电影里真的是彻头彻尾的悲剧人物，母亲的傀儡，腐烂的玫瑰。这种整日醉生梦死需要靠着安眠药和酒才能活下去的人却还是愿意为了女儿奋力一搏，看到最后在岸边已经精神崩溃的她摸着棠真的脸告诉她“妈妈爱你”时我哭到停不下来。
	
#电影[话题]# #血观音[话题]# #文淇[话题]##吐槽[话题]#",,1715601235000,1720000156000,6636fc5900000000070076d8,楚星洲,https://sns-avatar-qc.xhscdn.com/avatar/1040g2jo31ji1m2i52o2g5phmvhchotmoik8b6k8,932,119,86,16,,"http://sns-webpic-qc.xhscdn.com/202511172334/3a2af304ddf278239b93d8b0d99557fb/1040g008312o4l5jr2q105phmvhchotmo5u436o8!nd_dft_wlteh_webp_3,http://sns-webpic-qc.xhscdn.com/202511172334/7e1b69945a9843da0109646f6ce5b083/1040g008312o4l5jr2q0g5phmvhchotmo39s0mao!nd_dft_wlteh_webp_3,http://sns-webpic-qc.xhscdn.com/202511172334/281a90ea50cf141ef46999a2ed35c2dc/1040g008312o4l5jr2q005phmvhchotmo3fh1ls0!nd_dft_wlteh_webp_3","电影,血观音,文淇,吐槽",1763393711312,https://www.xiaohongshu.com/explore/6641ff53000000001e0238dc?xsec_token=ABD5aRVX0tCCosN50n604fn0YH7sM6IhchG46YPmyqHwY=&xsec_source=pc_search,血观音 母女,ABD5aRVX0tCCosN50n604fn0YH7sM6IhchG46YPmyqHwY=
66584e490000000014019860,normal,🔥血观音看完我有一个大胆的推测....,"💫1. 棠真的身世
棠真如果是棠宁与某个权贵的孩子棠夫人定会加以利用，但很明显棠真的身世在棠家并没有着重演绎，加上棠宁与林议员的谈话“未婚妈妈很麻烦”，由此推断棠真应是棠宁早年间与某个身份地位不高的男人所生。
	
💫2. 林家灭门惨案的真凶
其实从整个观感来看，观者可以大概知道凶手是棠家，但影片中其实给出了一些线索：
🔎①死者全部口中含糖（棠），调查得知糖来自缅甸，与段氏兄弟的家乡一致，所以段氏兄弟应该#是灭门案的执行者
🔎②棠宁似乎知道藏在家中花房的Macro，她故意用开片戴在段忠还是段义脖子上的弹壳项链划玻璃，引Macro陷入案发时的恐怖回忆。此处也是暗示段氏兄弟是案件执行者
	
💫3.棠宁要带走棠真
棠宁跟棠真讲述林家的真相，棠真也听哭了，但当棠宁一说要带她离开，她很快就作出了选择。电话那头镜头转给了棠夫人，一开始我以为是棠真拨错了，后面才反应过来是棠真觉得跟着棠宁实在没有出路，毕竟一个xd又善于周旋各种男人的棠宁到了缅甸以后的日子可想而知，这里回应前面段氏兄弟也xd，那么到了缅甸为了毒资他会不会强迫棠宁去卖身呢...所以，看透这些的棠真选择主动打电话给棠夫人，这也是为什么下车后棠宁用手铐将棠真拷住，因为她害怕棠真还会动逃走的心思。好在最后棠真的致命一问让棠宁彻底释怀，真正为自己的孩子好应该让她自己选择前面的路怎么走。
	
💫个人认为棠真早在林翩翩透露她与棠宁的母女关系前就知道这件事，但直到棠宁死之前，棠真打心里可能从没有也不愿意正视她xd，靠色相与男人进行交易的母亲。棠宁的死可能是棠真真正看清棠夫人心狠手辣，冷血无情，就像血观音，形貌是观音，表面和蔼，八面玲珑，实则为达目的不择手段....
	
#血观音[话题]##血观音解析[话题]# #血观音要活的像个人样[话题]# #血观音推测[话题]##血观音电影[话题]#",,1717063241000,1717064905000,5e3d6c17000000000100aa70,小鱼干儿,https://sns-avatar-qc.xhscdn.com/avatar/1040g2jo30nbdktgp5u605nhtdgbg9ajgh3ilvn8,870,170,34,60,,"http://sns-webpic-qc.xhscdn.com/202511172334/195430e7e8b974739b31a569eb016995/1040g2sg313dtpid2g0105nhtdgbg9ajgg82q53g!nd_dft_wgth_webp_3,http://sns-webpic-qc.xhscdn.com/202511172334/4acf6049bbec72e8a885896a1b85513b/1040g2sg313dtpid2g0405nhtdgbg9ajgebff130!nd_dft_wlteh_webp_3,http://sns-webpic-qc.xhscdn.com/202511172334/f8b1c77e1fec2d2391cbca964969ce54/1040g2sg313dtpid200705nhtdgbg9ajgle6ffrg!nd_dft_wlteh_webp_3,http://sns-webpic-qc.xhscdn.com/202511172334/7f6a3cc576f0c32531bc93293c56c655/1040g2sg313dtpid2007g5nhtdgbg9ajg4bd9leg!nd_dft_wlteh_webp_3,http://sns-webpic-qc.xhscdn.com/202511172334/7db04508be98b7af1b595fb3b0bff8f7/1040g2sg313dtpid2g00g5nhtdgbg9ajg5kg80j0!nd_dft_wlteh_webp_3,http://sns-webpic-qc.xhscdn.com/202511172334/aec30654c3431c595c8e0d152ed92815/1040g2sg313dtpid2g0305nhtdgbg9ajg9n9e5cg!nd_dft_wgth_webp_3,http://sns-webpic-qc.xhscdn.com/202511172334/57d8736efee371ff72ebc7fc69bf7ae0/1040g2sg313dtpid200805nhtdgbg9ajgqeq27do!nd_dft_wgth_webp_3","血观音,血观音解析,血观音要活的像个人样,血观音推测,血观音电影",1763393711316,https://www.xiaohongshu.com/explore/66584e490000000014019860?xsec_token=ABluBaeJKPEiAB9dJuiOJ8Nf8NEusPUfG1Gg2TytL_P8Q=&xsec_source=pc_search,血观音 母女,ABluBaeJKPEiAB9dJuiOJ8Nf8NEusPUfG1Gg2TytL_P8Q=
62b94bdd0000000004007cca,normal,电影《血观音》之疑问，涉剧透,"棠母：开篇的棠母真真是我喜欢的感觉，有气质温柔且沉稳，是做大事的女人。可是看到最后真的是人不可貌相。一边残忍杀害别人全家，一边念《心经》；一边炸死亲女儿，一边念《往生咒》。可是通过不按常理的出牌就能看得出，她并非如她的外表一样慈善：让外孙女当女儿的乱伦操作，让亲生女儿色相诱人…
棠真：我能理解她想做棠母的乖乖女，不与“姐姐”棠宁为同类。她外表内敛，其实藏了很多自己的欲望，偷看到了“姐姐”棠宁的肉体欢愉，偷偷幻想翩翩与marco的青涩感情是自己与Marco的。青春期的女孩是敏感的，如果棠宁是她从不交际的叛逆“姐姐”，那翩翩就是会分享秘密的闺蜜，所以她“爱上了”好姐妹翩翩爱上的男人。这也是为什么她最后看着翩翩断气在自己眼前，没有救她，也是为什么不会跟棠宁离开棠母的原因。她认可棠母，如同需要得到棠母的认可。这种乖乖女身份下藏着的恶，也是需要在棠母身边才能得到维护。
棠宁：如同名媛的交际花，善用色相谈利益。酗酒，纵欲，但又能用美色达到自己的目的。本来以为是缺爱导致的。却不想看到最后，原来都是棠母一手培养出的。棠宁是悲哀的，也是有肉的。可是她这一生没能反抗成功棠母。一直是棠母带着的花瓶，连最后想逃离棠母，都被棠母给解决掉了。
所以我最不理解的是，为什么棠母要这么做？为了帮一个情人选举成功，不惜牺牲掉自己女儿的名跟命？中间这个男人什么都没做，靠着这么个情妇操作成功拉下对手。 试问棠母初心：难道为了一个男人不惜贪污毁名让女儿坐牢，甚至不小心搭上了女儿性命，女儿竟然没有情人上位重要？
#血观音[话题]# #电影感[话题]# #电影分享[话题]#",,1656310749000,1656314180000,54dabe73e7798932ad3e31b2,蘑菇酱,https://sns-avatar-qc.xhscdn.com/avatar/6279a6042073d4c40cd2b559.jpg,804,193,128,11,,"http://sns-webpic-qc.xhscdn.com/202511172334/848b44cb6fbb54c88b189bb17c6265f0/01026r013fh5tjv7oaa010uoiykc9vh11x!nd_dft_wlteh_webp_3,http://sns-webpic-qc.xhscdn.com/202511172334/350a47ff5b46c1f6f360f5a76a75513c/01026r013fh5tjv7oaa010uoiykb6bh228!nd_dft_wgth_webp_3,http://sns-webpic-qc.xhscdn.com/202511172334/49527bfc07126fcaab4bd94d60a02d5d/01026r013fh5tjv7oaa010uoiykdvt0hsx!nd_dft_wgth_webp_3,http://sns-webpic-qc.xhscdn.com/202511172334/2287094c6fd44dd05b8caa7b380db2d4/01026r013fh5tjv7oaa010uoiyk93ruf05!nd_dft_wgth_webp_3","血观音,电影感,电影分享",1763393711317,https://www.xiaohongshu.com/explore/62b94bdd0000000004007cca?xsec_token=ABTHstcVSxwbxJGKdn-3K64_5XaPPGUXMnQDeT-1X6Bfs=&xsec_source=pc_search,血观音 母女,ABTHstcVSxwbxJGKdn-3K64_5XaPPGUXMnQDeT-1X6Bfs=
633079c70000000017017842,normal,✨日常电影《血观音》,"除了惠英红作为“母亲”演技真的很有感染力外。 棠宁真的是很悲情的唯一“人性”角色，为了想得到母亲的认可，忍受母亲把自己的女儿变成妹妹，做了混迹名场的交际花。她的酗酒、吃安眠药都是为了精神逃避的一种自我麻痹跟保护。她太渴望自由，她的逃跑亦是对母亲的反抗，在结局里海上的爆炸反而对她来说是最好的解脱。
#惠英红[话题]# #血观音[话题]# #电影[话题]# #影片分享[话题]#",,1664121287000,1664121288000,5e2c86900000000001005edc,about-Irene,https://sns-avatar-qc.xhscdn.com/avatar/67513f1e3460b901d282821d.jpg,604,94,40,5,,"http://sns-webpic-qc.xhscdn.com/202511172334/b840f8e380434ab6bece9d7dcc1863b9/03029p01kirvhkegrto011f941h0jzc4m7!nd_dft_wlteh_webp_3,http://sns-webpic-qc.xhscdn.com/202511172334/76397d06ceb4f26f6f056b940d66f643/03029p01kirvhkegrto011f941h1g2lxwa!nd_dft_wlteh_webp_3,http://sns-webpic-qc.xhscdn.com/202511172334/c5ccf59693e1a8ff849fff6f9a986e7c/03029p01kirvhkegrto011f941h22r0szj!nd_dft_wlteh_webp_3,http://sns-webpic-qc.xhscdn.com/202511172334/e09ac9ed3c2b9cd6890951aa4287521a/03029p01kirvhkegrto011f941h3n7me2h!nd_dft_wlteh_webp_3,http://sns-webpic-qc.xhscdn.com/202511172334/02495bf90a6ee732c790c45cb701314d/03029p01kirvhkegrto011f941h4r381f9!nd_dft_wgth_webp_3,http://sns-webpic-qc.xhscdn.com/202511172334/101a28fcaa6d0a8da3cbd0c52f0e253f/03029p01kirvhkegrto011f941h5x0utzt!nd_dft_wlteh_webp_3,http://sns-webpic-qc.xhscdn.com/202511172334/5503445ece12e0f9e3a73f4b7313282c/03029p01kirvhkegrto011f941h6ta9gj8!nd_dft_wgth_webp_3,http://sns-webpic-qc.xhscdn.com/202511172334/68bab91b144bb9a247308e39cb7e4dfc/03029p01kirvhkegrto011f941h7x3vwem!nd_dft_wgth_webp_3","惠英红,血观音,电影,影片分享",1763393711319,https://www.xiaohongshu.com/explore/633079c70000000017017842?xsec_token=ABjxcFsnN30HBIzsnSWo0GqxXuaM6F4mqKqaszmN83j0E=&xsec_source=pc_search,血观音 母女,ABjxcFsnN30HBIzsnSWo0GqxXuaM6F4mqKqaszmN83j0E=
68c9fc3d00000000130343b7,video,东亚母女之恨海情天｜《血观音》,"📺 本期是织簿电影漫谈之《血观音》穿搭分析第一期！我们的常驻系列《珠光宝气》和《我的天才女友》仍在持续更新中，不要错过～
#00:36[时刻]#  恶女，穿衣斗法
#01:16[时刻]#   棠真：隐秘角落的少女心事
#02:07[时刻]#  棠夫人：争夺权力的女性如何穿
#04:57[时刻]#  王夫人：妻子是丈夫的荣誉勋章
#05:44[时刻]#  棠宁，假死人堆里的真活人
#07:12[时刻]#  惊喜彩蛋！
👉 喜欢解读的话请点赞/收藏/关注我们！
💬 你最喜欢《血观音》中谁的穿搭？欢迎在评论区留下你的观点，和朋友们一起讨论！
🎬 或者提名你「最想看的影视剧穿搭深度解读」点赞高的优先安排！
💝 我们的买手号@WordCounts织述 2025秋冬新品，悄然上线。每一件皆由我们悉心甄选，以高级天然面料承载匠心设计，低调中见巧思。我们相信，真正的资本，是无需声张的知性气质。 让衣着替你表达涵养，胜过千言万语。
	
【本期由肉桂奉上】
#WordCounts织述[话题]# #出影院就发repo[话题]# #小红书电影假日[话题]# #红薯地宝藏片单[话题]# #血观音[话题]# #文淇[话题]# #惠英红[话题]# #吴可熙[话题]# #棠宁[话题]# #影视穿搭[话题]# @电影薯",http://sns-video-bd.xhscdn.com/pre_post/1040g2t031mgu545t58l04abroki9t98t9tf3o28,1758067774000,1758106061000,5b6ce49e47a7c3000129a51d,Wordrobe织簿,https://sns-avatar-qc.xhscdn.com/avatar/1040g2jo31nca1l0cmg004abroki9t98t0mrouk8,353,116,8,11,,http://sns-webpic-qc.xhscdn.com/202511172334/36ba25affc3108fbcb1841081801a821/1040g2sg31mgu545umm704abroki9t98t7amnqqg!nd_dft_wlteh_webp_3,"WordCounts织述,出影院就发repo,小红书电影假日,红薯地宝藏片单,血观音,文淇,惠英红,吴可熙,棠宁,影视穿搭",1763393711321,https://www.xiaohongshu.com/explore/68c9fc3d00000000130343b7?xsec_token=ABUy8YgxTWVKpPr2jdPtutnzJfGvQIOX7eQFcqhD2YgV8=&xsec_source=pc_search,血观音 母女,ABUy8YgxTWVKpPr2jdPtutnzJfGvQIOX7eQFcqhD2YgV8=
613ac7090000000021034eb0,normal,这部电影里没有鬼却比鬼片恐怖,"妈妈sha了女儿
女儿sha了妈妈
看的我汗毛孔都立了起来
权利和欲望使人性扭曲
#我的观影报告[话题]# #电影推荐[话题]##血观音[话题]#",,1631241993000,1631246001000,5a0d63d64eacab6e2ee0fff6,废废静,https://sns-avatar-qc.xhscdn.com/avatar/5f05361dde78f70001a1dbf8.jpg,243,115,25,2,,http://sns-webpic-qc.xhscdn.com/202511172334/cd4f9e466f3178d51c9d56dad3c85b60/111db5c7-f984-3ca3-8399-89ed5a923f71!nd_dft_wgth_webp_3,"我的观影报告,电影推荐,血观音",1763393711324,https://www.xiaohongshu.com/explore/613ac7090000000021034eb0?xsec_token=AB3WGarrcpejZirdn2Zf0dEzPz9S-SOgNfZkZ8sbX-2QY=&xsec_source=pc_search,血观音 母女,AB3WGarrcpejZirdn2Zf0dEzPz9S-SOgNfZkZ8sbX-2QY=
6656bd8a00000000150083d1,normal,细思极恐超大尺度悬疑片❗️半夜不敢看😑,"📺《血观音》
悬疑/中国台湾/2017
惠英红/吴可熙/文琪
棠夫人手段狠辣，周旋于复杂的政商关系！大女儿棠宁浑身是刺却被迫配合母亲完成桃 s 交易小女儿棠真看似单纯，唯母命是从，三人各怀鬼胎 x
棠夫人与众官员夫人密谋购买地皮之事，可被众人委托此事的林议员一家某日惨遭 mie 门！！只剩女儿重伤残活棠家三人被牵扯其中！这是三个利己者的争斗！!
这部电影把人性展现得淋漓尽致，片尾那段棠真对着病床上奄奄一息的棠夫人说道：长命百岁（偿命百岁），万年富贵（万年
负愧），令人毛骨悚然
结尾的台词说得好：""世界上最可怕的不是眼前的刑罚，而是那无爱的未来""人
本片2017年斩获金马奖最佳剧情片、观众票选最佳影片，主演惠英红更是荣获第54届金马奖最佳女主角三个女性角色的表演都可可点。
#悬疑电影[话题]# #惊悚片[话题]# #悬疑片[话题]# #电影[话题]# #经典电影推荐[话题]# #拯救剧荒[话题]# #影视[话题]# #必看[话题]# #烧脑悬疑剧[话题]# #推荐一部好剧[话题]##犯罪电影[话题]# #薯队长推荐一部好电影百亿剧好看[话题]# #追剧[话题]#",,1716998423000,1716960651000,6489d030000000001c028972,七柒追剧.,https://sns-avatar-qc.xhscdn.com/avatar/64980b3a13e0c255d4c7c321.jpg,164,84,2,31,,"http://sns-webpic-qc.xhscdn.com/202511172334/a32886e65146d37e4853790e9adc342b/1040g008313ccs6mq7q6g5p49q0o752bih56g2ro!nd_dft_wlteh_webp_3,http://sns-webpic-qc.xhscdn.com/202511172334/7b3fe96f057ae13e1b535e4b2ec0b834/1040g008313ccs6mq7q5g5p49q0o752bioeiiibo!nd_dft_wlteh_webp_3,http://sns-webpic-qc.xhscdn.com/202511172334/fd8262085a9b9ed1a3bd350927b9fda8/1040g008313ccs6mq7q505p49q0o752bianlchgo!nd_dft_wlteh_webp_3,http://sns-webpic-qc.xhscdn.com/202511172334/7573ca575e18f6416e9875cc873798d6/1040g008313ccs6mq7q405p49q0o752bibna01go!nd_dft_wlteh_webp_3,http://sns-webpic-qc.xhscdn.com/202511172334/5949c166618f262acc50ec7255bc9964/1040g008313ccs6mq7q3g5p49q0o752bio0ak400!nd_dft_wlteh_webp_3","悬疑电影,惊悚片,悬疑片,电影,经典电影推荐,拯救剧荒,影视,必看,烧脑悬疑剧,推荐一部好剧,犯罪电影,薯队长推荐一部好电影百亿剧好看,追剧",1763393711326,https://www.xiaohongshu.com/explore/6656bd8a00000000150083d1?xsec_token=ABpdTpwJ4UPkDqa8L-MeGxkKmbSicBouNWMOrpTliBz1A=&xsec_source=pc_search,血观音 母女,ABpdTpwJ4UPkDqa8L-MeGxkKmbSicBouNWMOrpTliBz1A=
683bd6eb000000000303e88e,normal,用爱浇灌的烂果子——东亚畸形母女爱,"《如出一辙的女儿》茗晓珍✖️吉晓茗
《血观音》棠佘月影✖️棠宁✖️棠真
《中国城》妈妈✖️日英
吃几口畸形东亚母女爱。《如出一辙的女儿》母亲的脸对她来说是模糊的乱码，在一次次与母亲的博弈中，自己的处心积虑被母亲轻松化解，被自己视为重要证据的饮料瓶，被母亲轻描淡写摆在桌上。随着调查的深入，越来越了解母亲，母女之间的感情更深，大茗越爱小茗,小茗越想逃离,越想逃离,越像妈妈,妈妈越爱她。跑得越远越接近,爱得越深越逃离。
	
《血观音》中棠佘月影把棠宁当作棋子,但某些时候又有半有半假的爱,棠宁也一直想用自己的价值换取母亲的爱,她躺在地上边流泪边问""妈妈,我是你的名牌包吗?""棠佘月影的沉默,其实很好品,棠宁的处境是棠佘月影一手造就的,在她失去联姻作用后就被当成礼物辗转在多个男人之间,价值至上,棠宁被分到的爱似乎止步于此,但偶尔释放出的爱的信号,就够棠宁甘之如饴。但当她脱离掌控后，又被毫不犹豫抛弃掉,她最后得到的爱是母亲炸船之前劝她放弃的电话。与其相反的棠宁的女儿棠真，碍于棠宁未婚少女的身份成为名义上棠佘月影的女儿，即使这是个人尽皆知的秘密，她几乎全盘接纳外婆的教导，无论个性还是技艺，无一不来自她，她对真正的母亲棠宁的感情同样复杂,习惯性忽视又渴望靠近。目睹外婆炸死母亲让她对亲情的幻想破灭，又用身体和一条腿作为代价戳破爱情的泡影,最终掌握权利,将棠佘月影的生命掌握在手中,用尽手段延续她苟延残喘的生命使其赎罪，是棠夫人用恶浇灌长出的恶果。
	
具有相同结构的还有《中国城》一把手抛弃女儿，确认她的资质后才接纳她受自己庇护，从小将她作为要账的打手培养，从未给予她母爱，更是用杀戮扼杀女儿尚在萌芽的感情，直到最后才揭露了二人的母女关系，平静等待女儿重蹈自己弑母的覆辙，完成权利的交接。三部作品都有屠龙者终成龙的概念,但噬母情节平添了伦理禁忌的色彩，女儿们通过母亲的血肉成长，把矛盾对准母女亲情和权利争夺，同时将女人对权利的渴望和极致的自我拯救和自爱放大，在男本位艺术史上是不可多得的作品。
#文学[话题]# #如出一辙的女儿[话题]# #血观音[话题]# #中国城[话题]# #惠英红[话题]# #文淇[话题]# #棠宁[话题]# #棠真[话题]# #棠佘月影[话题]# #棠夫人[话题]#",,1748752107000,1756550098000,666151630000000007005fb2,lady_tulip,https://sns-avatar-qc.xhscdn.com/avatar/1040g2jo31p04n8r932605pj1a5hhontifoh0km8,155,30,1,1,,"http://sns-webpic-qc.xhscdn.com/202511172334/01b202371fce7f285cd7422cfabeec30/1040g00831i647a387a605pj1a5hhontiqm4ammg!nd_dft_wlteh_webp_3,http://sns-webpic-qc.xhscdn.com/202511172334/90678e97739847772d080186408c1958/1040g2sg31i647a39705g5pj1a5hhonti81mdc10!nd_dft_wgth_webp_3,http://sns-webpic-qc.xhscdn.com/202511172334/2528b42ef154ba0291fd22ee35c1b4a2/1040g00831i647a3d7a6g5pj1a5hhontiv40htt0!nd_dft_wlteh_webp_3","文学,如出一辙的女儿,血观音,中国城,惠英红,文淇,棠宁,棠真,棠佘月影,棠夫人",1763393711329,https://www.xiaohongshu.com/explore/683bd6eb000000000303e88e?xsec_token=ABUtexfyBNEeSBM24zE0t08yqe3zDJ73fquGpcVzdCu2g=&xsec_source=pc_search,血观音 母女,ABUtexfyBNEeSBM24zE0t08yqe3zDJ73fquGpcVzdCu2g=
6495b10e000000001303fda2,normal,《血观音》海棠断枝不见血，两生花开难渡还,"人类都是两脚食爱兽。
这部片子里钱权、名利、色欲相交织的骨似乎已经被大家说明白了。只是还有一点——爱。
这部电影里，真相少，假象多。在追名求利坏事做尽的关系网中，亲情成为利用的捷径，血缘成为控制的手段，真心的情与爱到底应该怎样拂去掩盖其上的黑色阴谋、血色屠杀？
	
棠宁是个渴爱的人。她是母亲手中的工具，在社交场合变成漂亮的包，在交易场上变成刮骨钢刀。
	
她在饭桌上谈笑：“我们去香港那次真好笑，你回台湾忘了买我的票，把我丢在山里的别墅 孤零零跟一只神猪一起睡了两个礼拜。”
	
即使是这样，即使是这样，棠宁对于母爱依旧是渴望的。母亲把她抱进怀里，脸上挂笑，无限亲昵，嘴里说出来的确实最阴毒的话：“你啊，就是公主命，丫鬟身。”棠宁一面恨极了母亲，一面又离不开母亲的爱与认可。
	
而母亲，母亲对她唯一的真情流露大概是在她死在被炸毁的船上时，嘴里的《心经》骤然换成《往生咒》。不能再奢求过多了，死时数珠拜佛含泪念出一串《往生咒》，已经是对这段母女关系最尊敬的吊唁了。
	
棠宁对于棠真的感情可能是整部电影最干净的感情。但她只会被这样一段畸形的母女情不断伤害。棠宁为数不多的不发疯、不使诈、不被利用的自由时间里，她挤啊挤，从自己几近干涸的灵魂里挤出柔软的爱，双手捧着以低微的姿态送到女儿面前，却会被她充满鄙夷地打翻在地砸进土里。
	
棠宁想，为了保护棠真，她是可以付出一切的。所以无论如何也要带她离开黑暗漩涡。
	
只是人各有命，只是她身处苦海，她早就被夺取了自救的能力。
	
棠宁是个多情的人。她知道自己要离开警官，会提前把他的扣子缝好，知道母亲一直在利用她却不会隔断母女血脉联系，知道女儿与自己不同心却心甘情愿地保护她。只是，警官的案子查到最后，罪名落在了她头上；母亲接过绝命鱼头，使她命丧巨海中央；女儿假意跟她逃亡，转头把她推进修罗口中。《往生咒》念起，她给出去的爱，到头来都换成短匕，顶在后腰上 逼她走向地府。
	
地狱九头恶犬张开垂涎巨口。南无。阿弥多婆夜。哆他伽哆夜。哆地夜他。阿弥利都婆毗。阿弥利哆。悉耽婆毗。阿弥利哆。毗迦兰帝。阿弥利哆。毗迦兰哆。伽弥腻。伽伽那。枳多迦利。娑婆诃。
	
“世上最可怕的不是眼前的刑罚，而是无爱的未来。”
早起满树翠碧，暮时随风吹落地。
海棠断枝不见血，两生花开难渡还。无爱河水流自流，无爱春风亦悠悠。
	
#血观音[话题]#",,1687531790000,1687531791000,5f4b197900000000010071a9,我有一些大逆不道的话要说,https://sns-avatar-qc.xhscdn.com/avatar/624042a7c6da70bd40f33f37.jpg,101,33,0,3,,"http://sns-webpic-qc.xhscdn.com/202511172334/76d9b57ced15010982cee2944f3de3ea/1000g0082mngdmaajo06g5nqb35sg8sd9b9or6ng!nd_dft_wgth_webp_3,http://sns-webpic-qc.xhscdn.com/202511172334/867a6cfe50ba407c87d410bce6fa67d1/1000g0082mngdmaajo0505nqb35sg8sd9mkts720!nd_dft_wgth_webp_3,http://sns-webpic-qc.xhscdn.com/202511172334/c4f3a7f83dbc4ff23deb94ccda5b9f62/1000g0082mngdmaajo0405nqb35sg8sd9q0tkaao!nd_dft_wlteh_webp_3",血观音,1763393711331,https://www.xiaohongshu.com/explore/6495b10e000000001303fda2?xsec_token=ABmam-jAe6sV1SyGJeDOPluTw3lgg5_FkRg_UMlIQQH-I=&xsec_source=pc_search,血观音 母女,ABmam-jAe6sV1SyGJeDOPluTw3lgg5_FkRg_UMlIQQH-I=
676d61d6000000000800e9b9,normal,一款典型东亚母女式的爱与痛,"《血观音》是一部深刻描绘东亚典型母女关系的电影，它以棠府三代女性为中心，展现了权力、欲望与亲情之间的纠葛。在这部电影中，棠夫人、棠宁和棠真之间的关系错综复杂，充满了压抑与反抗、利用与渴望。
	
东亚式母女关系在这部影片中得到了淋漓尽致的展现。棠夫人作为家族的主宰，对女儿棠宁的操控和利用达到了极致，她既是母亲又是政客，将女儿视为自己权谋路上的工具。棠宁则在这种扭曲的关系中挣扎，她渴望得到母亲的关爱，却又不断被推向深渊，成为母亲达到政治目的的情色工具。这种母女关系充满了矛盾与冲突，既有爱又有恨，既亲密又疏离。
	
棠宁是这部电影中令人印象深刻的角色。她虽然生活在扭曲的家庭关系中，却始终保持着一份纯真和善良。她渴望得到母爱，也努力去爱自己的女儿棠真，尽管这种爱总是被棠夫人的权谋所打断。棠宁的悲惨命运令人唏嘘，但她的坚韧与善良却让人为之动容。
	
《血观音》通过棠府三代女性的命运，深刻揭示了东亚社会中母女关系的复杂性和悲剧性。棠宁的角色更是让人看到了在这种关系中，女性所承受的压力和痛苦，以及她们在逆境中所展现出的坚韧与勇气。这部电影无疑是一部值得深思的作品。#我的观影日记[话题]# #宝藏电影[话题]# #电影[话题]# #血观音[话题]#",,1735221718000,1735221743000,5f040edd000000000100163f,柠檬公爵的观影日记,https://sns-avatar-qc.xhscdn.com/avatar/1040g2jo31bm7be7kgs6g5no41reg85hvkqcj6fo,56,23,7,6,,"http://sns-webpic-qc.xhscdn.com/202511172334/d18f5a2e9c83aef12f51dee914e2d5a4/1040g2sg31bsfprqk0scg5no41reg85hvfeqchfo!nd_dft_wlteh_webp_3,http://sns-webpic-qc.xhscdn.com/202511172334/f0b2fc32c9625407b12bb3d7b7ddb706/1040g2sg31bsfprqk0sag5no41reg85hv1kto3l8!nd_dft_wlteh_webp_3,http://sns-webpic-qc.xhscdn.com/202511172334/cac1eb9f47c942d9299721577d6eadb5/1040g2sg31bsfprqk0s9g5no41reg85hvipup1ro!nd_dft_wlteh_webp_3,http://sns-webpic-qc.xhscdn.com/202511172334/d97f7d8b3c263f9a6a8b400967bb303c/1040g2sg31bsfprqk0sbg5no41reg85hvth2c3u8!nd_dft_wlteh_webp_3,http://sns-webpic-qc.xhscdn.com/202511172334/b37f87ed16d2f2f6b24094924758ce98/1040g2sg31bsfprqk0sa05no41reg85hv1jmuu48!nd_dft_wlteh_webp_3,http://sns-webpic-qc.xhscdn.com/202511172334/5e1bb0a44bc7db3d5852f7b68f0ef69d/1040g2sg31bsfprqk0sb05no41reg85hvikg3mu0!nd_dft_wlteh_webp_3,http://sns-webpic-qc.xhscdn.com/202511172334/8b70d0c6b702c5298b68c235f57d871f/1040g2sg31bsfprqk0sdg5no41reg85hv2331i18!nd_dft_wlteh_webp_3,http://sns-webpic-qc.xhscdn.com/202511172334/4d8fba7735ec23e19e1f31041324cbe2/1040g2sg31bsfprqk0sc05no41reg85hvp13fth0!nd_dft_wgth_webp_3","我的观影日记,宝藏电影,电影,血观音",1763393711333,https://www.xiaohongshu.com/explore/676d61d6000000000800e9b9?xsec_token=ABDWATJveKoTeQESXk7Eya6-Fh46YF7LLhy_oklHEAseY=&xsec_source=pc_search,血观音 母女,ABDWATJveKoTeQESXk7Eya6-Fh46YF7LLhy_oklHEAseY=
656c9c08000000003c010ee7,normal,机关算尽太聪明 反误了卿卿性命,"善报恶报迟报早报终需有报，
天知地知你知我知何谓无知。
观音作为贯穿始终的意象出现在影片里。断手观音第一手献给了对选举势在必得的王院长的妇人，第二手以买卖古董的借口送给了“淫海小清流”，第三手则送给了警察局局长，最后又回到了棠家手中。它作为权力的象征几经流转，是所有人内心的欲望。
观音和“官运”谐音，所以有官运亨通、加官进爵的寓意，表示事业有成、财运亨通，寓意着内心祥和，平安健康。而观音染血，便是人们的内心被欲望侵染，陷入无休无止对名权利的追逐和斗争中。
棠夫人、棠宁、棠真三个角色如同海报上的母女，人不人鬼不鬼，母不为母，子不为子，被权力和欲望吞噬，成为波云诡谲的政治漩涡里的幕后操手。
这三者中，棠真这个角色更受我的喜欢，她不同于棠夫人一如既往的狠辣，也不同于棠宁内心挣扎寻求逃离解脱。她一开始是棠夫人的提线木偶，受着棠夫人价值观的侵染，在不人道的环境下内心逐渐扭曲。妄图想从马克寻求爱，或者说想从林翩翩手里抢下这个名叫马克的物件，却反被马克侵犯，而这一刻棠真成为了棠夫人，人性开始泯灭。她看着林翩翩死亡，接管这一偌大的棠家产业，到最后以爱的名义让棠夫人生不如死地活下去。
这部影片还有很多细节值得挖掘，强烈推荐！
#血观音[话题]# #电影[话题]# #电影推荐[话题]# #电影解说[话题]# #悬疑推理[话题]#",,1701616648000,1701616688000,615bb79b000000001f035127,无聊的笔记本,https://sns-avatar-qc.xhscdn.com/avatar/61d10265e4287ca64d241be0.jpg,39,5,7,2,,http://sns-webpic-qc.xhscdn.com/202511172334/86003d715b8bbde18fe3f5faa03e1db5/1040g00830s7o9aij2m6g5oarmudnuk97t0urf8g!nd_dft_wlteh_webp_3,"血观音,电影,电影推荐,电影解说,悬疑推理",1763393711336,https://www.xiaohongshu.com/explore/656c9c08000000003c010ee7?xsec_token=AB8uNWdYUgYTdRljr5XuwGIAf12pumJTB0h5tEYhkpAAg=&xsec_source=pc_search,血观音 母女,AB8uNWdYUgYTdRljr5XuwGIAf12pumJTB0h5tEYhkpAAg=
6630c18e000000001e035a43,normal,《血观音》母女篇1：我不会再抛下你了,"对《血观音》里母女关系很感兴趣，但每次看到棠宁棠真母女戏份的时候，总是觉得说不出地讨厌。
	
尤其是那场戏——棠宁拿到棠真幼时偷偷藏起来的颜料，颜料上写满了小时候的棠真关心棠宁的话。然后棠宁看到这些颜料，开心地笑了起来。
	
我当时的第一反应就是感到恶心。但当时还没明白为何这种反应，毕竟站在棠宁的角度，女儿小时候对自己偷偷的关心被自己发现了，还挺欣慰和感动的。
	
后来我站在棠真的角度来看，的的确确感到恶心——在年幼的自己渴望母爱时，母亲沉溺于自己的痛苦之中，从物理和心理层面都抛弃了她。等到时过境迁，自己长大不再需要她的爱了，母亲却找到了自己曾经渴望母爱的证据。而母亲她的第一反应不是后悔那时抛下女儿，不是伤感现在关系破裂，不是反思母女关系为何恶化至此，居然是因为确认自己被爱而开心……
	
类似的情节大概就是，恋爱期间对方没有好好对待自己，但分手之后，对方把自己写给他的真情实意的情书拿出来，不为当初没好好对待自己而抱歉，不为彼此关系走到终点而遗憾，而是满足和高兴于自己当时多么被爱。
	
之后棠宁为了追溯曾经的母女之爱，特意带着棠真买颜料。长大后的棠真没有走进那家颜料店，没有配合她追溯往昔的剧本。
	
回锅肉一样的感情，在对方需要感情支持时，无视了对方的真心和痛苦。等到爱意消散，再找出对方当时付出真心的证据，满足于那是爱过的证明。
	
错过的就是错过了，浪子悔过的真心没那么重要，母女关系同理。
	
#母女关系[话题]# #血观音[话题]# #惠英红[话题]# #文淇[话题]# #时尚是轮回[话题]#",,1714573201000,1714471754000,5d182477000000001602bae4,流真真真,https://sns-avatar-qc.xhscdn.com/avatar/1040g2jo30p1t5ettjoag5n8o4hrllen4rqirhno,34,5,1,1,,"http://sns-webpic-qc.xhscdn.com/202511172334/e62c9e61b45b935ef237f60361584a97/1040g00831279rs9thm6g5n8o4hrllen4d920ppo!nd_dft_wgth_webp_3,http://sns-webpic-qc.xhscdn.com/202511172334/a9329d94525bc26a7a2c5635e357fdbc/1040g00831279rs9thm605n8o4hrllen4c8mt570!nd_dft_wgth_webp_3","母女关系,血观音,惠英红,文淇,时尚是轮回",1763393711339,https://www.xiaohongshu.com/explore/6630c18e000000001e035a43?xsec_token=AB3EBIy9BQTIr95QdNnYXUCY-5O4Ew-rN0zEx34XPkSx8=&xsec_source=pc_search,血观音 母女,AB3EBIy9BQTIr95QdNnYXUCY-5O4Ew-rN0zEx34XPkSx8=
67d6780e000000001d02e026,normal,血观音,"看完血观音关于棠宁 想到了一句很适合的话 她好像突然不爱我了 棠宁小时候爸爸妈妈也很爱自己 爸爸死后妈妈好像换了一个人 逼女为娼 把自己的女儿扔在香港陪睡几周 暗地利用棠宁做各种利益交换 或许棠宁自己也会怀疑前十几年的人生妈妈对自己的爱是真是假 就连后面鼓起勇气逃走 想带走唯一爱的女儿 女儿也因为自己的无能为力不信任自己
假期里记得我爸也说过 其实对一个人一辈子好的也很少 好像是的 对人好与不好 太容易伪装了 指不定哪天牵扯到利益就会漏出真面目#血观音[话题]#",,1742108686000,1742108686000,64c14649000000001403e936,77.,https://sns-avatar-qc.xhscdn.com/avatar/1040g2jo31of5iju74q005p618p4l7q9mhbopevg,24,1,0,1,,"http://sns-webpic-qc.xhscdn.com/202511172334/6ec2abbc9f343c6bfa095018f57eae4f/1040g00831f34cp926m005p618p4l7q9mmq59f50!nd_dft_wgth_webp_3,http://sns-webpic-qc.xhscdn.com/202511172334/58415ae920d15f5afebdc1a2270ccaa1/1040g00831f34cp926m0g5p618p4l7q9mp95gn2g!nd_dft_wgth_webp_3,http://sns-webpic-qc.xhscdn.com/202511172334/17869f8827994c931261e1b13bf862e6/1040g00831f34cp926m105p618p4l7q9mn743pg0!nd_dft_wgth_webp_3",血观音,1763393711341,https://www.xiaohongshu.com/explore/67d6780e000000001d02e026?xsec_token=ABXFS8cimS3X-CugRCiJUBaqS4-cjeJbBcVkUxbgGWXY0=&xsec_source=pc_search,血观音 母女,ABXFS8cimS3X-CugRCiJUBaqS4-cjeJbBcVkUxbgGWXY0=
67540d0e00000000070324d2,normal,血观音棠夫人：权欲中“吞”掉亲女,"剖析《血观音》棠夫人：权力漩涡中的母性迷失
在《血观音》那诡谲阴暗的名利场里，棠夫人宛如一条潜伏于暗处的蛇，不动声色地谋划一切，而她与女儿间那段扭曲的关系，恰似荆棘缠藤，勒出斑斑血泪。
影片中，本应纯粹的母女情，被权力的贪欲狠狠绞杀。棠夫人爱女儿吗？答案似是而非。从生活琐碎看，偶尔流露出的关切，暗示往昔岁月或许有过温情。但权力诱惑当前，这缕柔情薄如蝉翼。为达目的，她将女儿当作棋子，步步诱其踏入权谋泥沼。女儿懵懂入局，情感受挫、尊严扫地，皆成棠夫人上位“祭品”。
把棠夫人比作吃掉自己孩子的母狮，精准且狠辣。母狮护犊是天性，可棠夫人却亲手撕碎这份天性。在权欲驱使下，她漠视女儿身心创伤，看着纯真凋零，只为牢牢攥住操控局势的缰绳，那是纯粹恶念作祟——他人、亲情，皆可弃如敝履。
这份恶，却生出别样魅力。它不是无脑残暴，而是深植于人性复杂罅隙，带着洞悉世情的凉薄。观众颤栗之余，不禁反思：权力究竟能将人扭曲至何种地步？棠夫人恰似一面暗黑镜子，照出人性在名利诱捕下，藏得极深的狰狞与贪婪，成为荧幕上一抹难以磨灭、引人深思的“恶之影”。",,1733561614000,1733561614000,64b1ff310000000025036f74,蓝玫瑰,https://sns-avatar-qc.xhscdn.com/avatar/1040g2jo31b00s9samq6g5p5hvsoperrkea4bmpg,22,6,0,1,,"http://sns-webpic-qc.xhscdn.com/202511172334/7045f979369f9ba02b2ebe68244e3dfc/1040g2sg31b3oqqfv7ic05p5hvsoperrk9aqdlmg!nd_dft_wgth_webp_3,http://sns-webpic-qc.xhscdn.com/202511172334/e5d698df61306b929b20ae22167636de/1040g2sg31b3oqqfv7ibg5p5hvsoperrk0ok37u0!nd_dft_wgth_webp_3,http://sns-webpic-qc.xhscdn.com/202511172334/9a2a15c469287e2f222fa865293f55ee/1040g2sg31b3oqqfv7ib05p5hvsoperrkv2ts56g!nd_dft_wgth_webp_3",,1763393711343,https://www.xiaohongshu.com/explore/67540d0e00000000070324d2?xsec_token=ABjmUYg93vpiYzJm-cLP9528F0e7JicMMpQhfxPYjrwUg=&xsec_source=pc_search,血观音 母女,ABjmUYg93vpiYzJm-cLP9528F0e7JicMMpQhfxPYjrwUg=
6632e159000000001e039231,normal,《血观音》母女篇2：不可信任的母亲,"看那场戏：棠夫人送黑色睡衣要求棠宁色诱队长，心中惨痛的棠宁为了刺痛棠夫人，故意说“要不要让你的公主棠真穿（要不要让棠真也像我一样卖身）。”
	
从这里大概就能看出来为什么棠真不和她亲近。明明棠宁她自己很恨棠夫人利用自己，但不敢反抗母亲，只敢故意拿母亲心爱的继承人、自己的女儿来说嘴，口头上宣泄怒气。
	
为了恶心母亲，情绪上来就不管不顾地迁怒其他人 ，即使这个人是自己深爱的女儿。
	
恋人关系中类似的情节大概就是：ta虽然很爱自己，但只要ta被其他人或者外界激怒，就立马迁怒自己。
	
我当然相信她是爱棠真的，但实际上，她给到的更多是伤害和不安。她平静时也许是最好的母亲，可这份温柔永远是火山爆发前的短暂蛰伏。
	
她是自毁倾向浓厚的母亲，自身难保的母亲，无人依靠也无法让女儿依靠的母亲，一旦依靠就反水的母亲。
	
经历过多次反复的棠真选择彻底远离她，只剩下跌入黑暗的棠宁伤感不已。
	
#血观音[话题]# #文淇[话题]# #时尚是个轮回[话题]# #母女[话题]#",,1714829410000,1714610522000,5d182477000000001602bae4,流真真真,https://sns-avatar-qc.xhscdn.com/avatar/1040g2jo30p1t5ettjoag5n8o4hrllen4rqirhno,21,8,2,2,,"http://sns-webpic-qc.xhscdn.com/202511172335/dae6484f03912c55bb4495dcfaaae402/1040g0083129c7u115a6g5n8o4hrllen4r14jql0!nd_dft_wgth_webp_3,http://sns-webpic-qc.xhscdn.com/202511172335/14496c613b77eff96e5b3e6f9e747d87/1040g0083129c7u115a605n8o4hrllen45rvg94g!nd_dft_wlteh_webp_3","血观音,文淇,时尚是个轮回,母女",1763393711346,https://www.xiaohongshu.com/explore/6632e159000000001e039231?xsec_token=ABnhRwUGlVEBjjO310x16pj52J4PiUeYNaHodSZ16Il8s=&xsec_source=pc_search,血观音 母女,ABnhRwUGlVEBjjO310x16pj52J4PiUeYNaHodSZ16Il8s=
68f26ae1000000000503352b,normal,透过电影《春潮》和《血观音》谈母女关系,"《血观音》和《春潮》探讨母女关系中的创伤传递与代际循环，母亲扭曲的性格和强烈的控制欲导致女儿深陷痛苦。创伤通过欲望和攻击欲不断重复，形成无法摆脱的循环。通过合理管理融合欲望、保护与哀悼，母亲才能超越创伤，为女儿提供心理空间。
	
#女性的心理成长[话题]# #精神分析[话题]# #走出童年创伤[话题]# #心理咨询[话题]# #母女关系[话题]# #融合关系与融合焦虑[话题]# #春潮[话题]# #血观音[话题]# #代际传递[话题]# #关系创伤[话题]#",,1760717537000,1760783917000,565a6b14a40e18605101b198,刘改心理工作室,https://sns-avatar-qc.xhscdn.com/avatar/1040g2jo31nj58ba56gcg43fo2elh9ccofch70u8,21,22,7,2,,"http://sns-webpic-qc.xhscdn.com/202511172335/44c2c0ad20a1e6c4188f7f4472c437ca/1040g00831npdb7a7l80g43fo2elh9ccoeub3va8!nd_dft_wlteh_webp_3,http://sns-webpic-qc.xhscdn.com/202511172335/173dd208bb415927bba8b7e0c5f31ec6/1040g2sg31noa4k3t6ggg43fo2elh9cco6gh3190!nd_dft_wlteh_webp_3,http://sns-webpic-qc.xhscdn.com/202511172335/52ba9bfedd8bc8b150159e0dfa49dcd7/1040g00831nodpai86g2g43fo2elh9ccobhvp6u8!nd_dft_wlteh_webp_3,http://sns-webpic-qc.xhscdn.com/202511172335/5f0ddd41caadcecf073d9d3060195f97/1040g00831nodpai86g5043fo2elh9ccoi8douao!nd_dft_wlteh_webp_3,http://sns-webpic-qc.xhscdn.com/202511172335/80e67cc1da651018820489ac01f51714/1040g00831nodpai86g3g43fo2elh9ccokcvbd88!nd_dft_wlteh_webp_3,http://sns-webpic-qc.xhscdn.com/202511172335/1645ed664bfdd4a73939f30a7d783227/1040g00831nodpai86g4g43fo2elh9ccouh6sij8!nd_dft_wlteh_webp_3,http://sns-webpic-qc.xhscdn.com/202511172335/4ecebfced56b304aea3a14d753ef7004/1040g00831nodpai86g6g43fo2elh9cco6b2r0ao!nd_dft_wlteh_webp_3,http://sns-webpic-qc.xhscdn.com/202511172335/79cd94ab4b924bf91fbef675379658df/1040g00831nodpai86g5g43fo2elh9cco7696ok0!nd_dft_wlteh_webp_3,http://sns-webpic-qc.xhscdn.com/202511172335/44f375fb1fcca7ccc87e4aa07166cd98/1040g00831nodpai86g6043fo2elh9ccostg3kco!nd_dft_wlteh_webp_3,http://sns-webpic-qc.xhscdn.com/202511172335/1fcecd869986fc0cb6013476c6f054a5/1040g00831nodpah1066043fo2elh9cco5fil2a8!nd_dft_wlteh_webp_3,http://sns-webpic-qc.xhscdn.com/202511172335/ce77c25cda3f15c845796bc8bf4c5ef3/1040g2sg31noa4k3t6gh043fo2elh9cco1q67ako!nd_dft_wlteh_webp_3,http://sns-webpic-qc.xhscdn.com/202511172335/f3855da7d3937760b0f6e03b334f0a2a/1040g2sg31noa4k3t6ge043fo2elh9ccoebfqvro!nd_dft_wlteh_webp_3,http://sns-webpic-qc.xhscdn.com/202511172335/c13b7d60501a9e97f385782aaeb1d9f6/1040g2sg31noa4k3t6gi043fo2elh9ccobjotmlo!nd_dft_wlteh_webp_3,http://sns-webpic-qc.xhscdn.com/202511172335/61411dcff9ad1fcf0add180dad61f55c/1040g2sg31noa4k3t6gf043fo2elh9cco7f9vf0g!nd_dft_wlteh_webp_3,http://sns-webpic-qc.xhscdn.com/202511172335/beeb3577095369313aaf6e7a7fbaefb9/1040g2sg31noa4k3t6gj043fo2elh9ccol6asbng!nd_dft_wlteh_webp_3,http://sns-webpic-qc.xhscdn.com/202511172335/e01fad688a677493b4055fe7f4a2c586/1040g2sg31noa4k3t6gg043fo2elh9ccoi84ul98!nd_dft_wlteh_webp_3","女性的心理成长,精神分析,走出童年创伤,心理咨询,母女关系,融合关系与融合焦虑,春潮,血观音,代际传递,关系创伤",1763393711347,https://www.xiaohongshu.com/explore/68f26ae1000000000503352b?xsec_token=ABCl2QlwcsCB9MroRo14n56dje7AZEk1XFkE4yXvepBXc=&xsec_source=pc_search,血观音 母女,ABCl2QlwcsCB9MroRo14n56dje7AZEk1XFkE4yXvepBXc=
668e99fa0000000025016218,normal,必看台湾神级电影，金马奖最佳剧情,"前段时间台湾电影《周处除三害》火爆了好一阵，大家都觉得这部电影敢拍敢演过瘾爆了。其实台湾电影一直是一种宝藏般的存在，好看的也不止一部周处除三害。
今天介绍一部台湾神级的电影，《血观音》。这部电影寓意非常深刻，刚看会有些烧脑，很多思想和细节都需要细品，设计得非常精妙。
	
电影本身讲的是关于家族利益和权力的明争暗斗，但追溯到本质，讲的却是母女三人在追求权力和地位的过程中不断追求救赎和内心的安宁，但最终仍无法解脱，最终走向自我毁灭的故事。
	
棠夫人迷失在权力的世界里，权力越大才越安心。她不断的爬，其实是在掩饰内心对于跌落的恐惧。
大女儿棠宁，一生只想是安宁。坏事做多了，只能用酒和安眠药来麻痹自己，她根本不想做坏事，却无奈在母亲的控制下活的根本不像自己。
	
小女儿棠，渴望被爱，但却从没有被真正爱过，妈妈变成了姐姐，而整个家族都是冷血，扭曲，从小学会的不是爱，而是算计，是运筹帷幄。
	
母女三人徘徊三川河，永远没有办法进入黄泉，永远无法安心，深陷在这人间地狱中，没有办法解脱。
	
棠夫人以爱的名义，杀敌一千却自损八百，把自己的价值观强加在女儿身上，并且无所不用其极。可是她没想到，多年以后，棠真却不让她解脱，反而同样以爱的名义，令她生不如死。最后她对躺在病床上的棠夫人轻声说：“你一定要长命百岁，万事富贵。”让人不寒而栗。
	
这部电影获得了当年台湾金马奖的最佳影片，多年后再次回味，依然觉得十分震撼，非常值得一看。
	
#热门电影[话题]# #电影解说[话题]# #经典电影推荐[话题]# #电影[话题]# #台湾[话题]# #台湾电影推荐[话题]# #剧情片[话题]# #悬疑[话题]# #好电影推荐[话题]# #午夜[话题]#",,1720621562000,1720621563000,6428ec80000000001201370f,上帝喜爱,https://sns-avatar-qc.xhscdn.com/avatar/1040g2jo31b961lro7o005p18ti04idof0l5v86g,19,14,0,20,,"http://sns-webpic-qc.xhscdn.com/202511172339/a06b866600e2bce42f82895251f43dcf/1040g2sg3152uh4240u005p18ti04idof07o17e8!nd_dft_wlteh_webp_3,http://sns-webpic-qc.xhscdn.com/202511172339/41aa07d9ec1db4cd10d55c836b656c23/1040g2sg3152uh4240u0g5p18ti04idofds7gri8!nd_dft_wlteh_webp_3,http://sns-webpic-qc.xhscdn.com/202511172339/b44b83fd5bbe1eb0aea1505d7d395755/1040g2sg3152uh4240u105p18ti04idofvmrb248!nd_dft_wgth_webp_3,http://sns-webpic-qc.xhscdn.com/202511172339/5d4f6cebda2c1def3cfcda495bc57a98/1040g2sg3152uh4240u1g5p18ti04idof1paljk0!nd_dft_wlteh_webp_3,http://sns-webpic-qc.xhscdn.com/202511172339/47a1c394208ed7440787073d295fb03c/1040g2sg3152uh4240u205p18ti04idofo11jlf8!nd_dft_wlteh_webp_3,http://sns-webpic-qc.xhscdn.com/202511172339/279d27ab04063b725cb8866e89afb9a6/1040g2sg3152uh4240u2g5p18ti04idofsaet5fo!nd_dft_wgth_webp_3,http://sns-webpic-qc.xhscdn.com/202511172339/0733633fb5d8a92d45bc458e5c0cb3d6/1040g2sg3152uh4240u305p18ti04idofq5ioq3g!nd_dft_wgth_webp_3,http://sns-webpic-qc.xhscdn.com/202511172339/1e161a0c1b034ba71729d24b0ed58bc9/1040g2sg3152uh4240u3g5p18ti04idof4r0lpeo!nd_dft_wgth_webp_3,http://sns-webpic-qc.xhscdn.com/202511172339/8a32b27ec779810b7888c55f536fa5cf/1040g2sg3152uh4240u405p18ti04idofb27h0bo!nd_dft_wgth_webp_3,http://sns-webpic-qc.xhscdn.com/202511172339/49173a99f9e93dc7b210adffc0827107/1040g2sg3152uh4240u4g5p18ti04idofguh9rng!nd_dft_wgth_webp_3,http://sns-webpic-qc.xhscdn.com/202511172339/15cf8e4118c564a791a73c1920183726/1040g2sg3152uh4240u505p18ti04idofemva9so!nd_dft_wgth_webp_3,http://sns-webpic-qc.xhscdn.com/202511172339/43a0933c8eb6b320026e0303d53ffe4c/1040g2sg3152uh4240u5g5p18ti04idofg9ojcfo!nd_dft_wgth_webp_3,http://sns-webpic-qc.xhscdn.com/202511172339/f90f68782bd0c70c04d78d2e4802b8ed/1040g2sg3152uh4240u605p18ti04idofkusom0g!nd_dft_wgth_webp_3","热门电影,电影解说,经典电影推荐,电影,台湾,台湾电影推荐,剧情片,悬疑,好电影推荐,午夜",1763394057478,https://www.xiaohongshu.com/explore/668e99fa0000000025016218?xsec_token=ABqaORsL8wYVt4lEl_mU0Z7nPZjlBo0gedl0BNUlBai74=&xsec_source=pc_search,血观音 母女,ABqaORsL8wYVt4lEl_mU0Z7nPZjlBo0gedl0BNUlBai74=
67349e9a000000001b02ab18,normal,是怨是嗔是痴丨《血观音》,"晚上好世界，我会推荐所有人去看《血观音》，2017年的台湾电影。看完的第一感受是怎么让我在这样一个平常的日子看到那么震撼的片子……太好看了看得冷热汗交替双目涣散头皮发麻，差点掉下来几滴眼泪。 一点不涉及剧透的影评来袭……
	
这部的剧情节奏、人物和感情合理性都处理得很好很丝滑。本来只是想看政商勾结夫人政治+觉得吴可熙特别美，结果每一段剧情都毫不平淡，每个女演员都演得特别出彩，像女鬼（褒义）。整部电影的基调是平静、悲伤乃至压抑的，但是一点点弥散开来的压抑气息掩盖不住镜头语言的巧妙和女鬼群像的吸引力。
	
感觉这种女鬼气息诞生于畸形的家庭和扭曲的社会关系里。在精英主义的氛围里，老一辈要稳固的可继承的权力，年轻一辈要懵懂初开的可易手的爱情（本质上还是希望权力能够实现跨阶层的爱情），格格不入的则只能早夭。 结果想要自由的人为人工具，一直到生命最后一刻；渴望权力的失去了权力之外的一切，而权力却像附骨之疽一样成为一生摘不开的困扰；追求爱情的击碎幻想的滤镜之后立刻失去了爱情和对爱情的幻想；非常渴望在家庭内部获得爱的人，如同受到诅咒一般永远得不到爱，两头讨好最终却一无所有。在这个结构奇特的家庭中，假意之下流动着真相和真心，恨代替爱在血脉里绵延。
#血观音[话题]# #血观音要活的像个人样[话题]# #电影[话题]# #电影安利[话题]# #母女[话题]#",,1731501722000,1731501880000,620c55330000000010004e54,冷浸溶溶月,https://sns-avatar-qc.xhscdn.com/avatar/1040g2jo31ms3m4bs5i105ogcakpk0jikvd99mfo,18,4,0,1,,"http://sns-webpic-qc.xhscdn.com/202511172339/b7ad39b3de498b72cd651b6687c5ecff/1040g2sg31a52j9r87gd05ogcakpk0jikl8ca6fo!nd_dft_wlteh_webp_3,http://sns-webpic-qc.xhscdn.com/202511172339/cfe67284790e415a0a1ed69da3b6f439/1040g2sg31a52j9r87gc05ogcakpk0jiklj3cu78!nd_dft_wlteh_webp_3,http://sns-webpic-qc.xhscdn.com/202511172339/43bf4431f0bf7457bacc5d79b5000411/1040g2sg31a52j9r87gb05ogcakpk0jikdq9p0j0!nd_dft_wlteh_webp_3,http://sns-webpic-qc.xhscdn.com/202511172339/989bf78219a2cb77dfc268f580220d7e/1040g2sg31a52j9r87gag5ogcakpk0jikoq4nfu8!nd_dft_wlteh_webp_3,http://sns-webpic-qc.xhscdn.com/202511172339/42a032b81759fb2acf748563151e309e/1040g2sg31a52j9r87g905ogcakpk0jiknfd5f18!nd_dft_wlteh_webp_3,http://sns-webpic-qc.xhscdn.com/202511172339/ec7e592ce342bb62e26fc07356f50cd7/1040g2sg31a52j9r87gbg5ogcakpk0jikha81db0!nd_dft_wlteh_webp_3,http://sns-webpic-qc.xhscdn.com/202511172339/64a562cefc4612170783a2bcf92a770b/1040g2sg31a52j9r87g9g5ogcakpk0jiks7p6qco!nd_dft_wgth_webp_3,http://sns-webpic-qc.xhscdn.com/202511172339/38aa2fba5ca0d7548552e59ad58b13e2/1040g2sg31a52j9r87ga05ogcakpk0jikr711g0o!nd_dft_wlteh_webp_3,http://sns-webpic-qc.xhscdn.com/202511172339/92e74c141dbdb21b06bfa12abf5222dc/1040g2sg31a52j9r87g805ogcakpk0jikuf3e64g!nd_dft_wlteh_webp_3","血观音,血观音要活的像个人样,电影,电影安利,母女",1763394057491,https://www.xiaohongshu.com/explore/67349e9a000000001b02ab18?xsec_token=AB__gstgYK5wYBRS6Zl6qIjc6v_eTbrNJE-7Ff7YfBxZQ=&xsec_source=pc_search,血观音 母女,AB__gstgYK5wYBRS6Zl6qIjc6v_eTbrNJE-7Ff7YfBxZQ=
6909b579000000000300f39e,video,棠宁，这个世界上真正爱我的只有你,#妈妈就是妻子啊[话题]# #血观音[eoi]# #棠宁[话题]##棠真[话题]##母女[话题]##文淇[话题]# #吴可熙[话题]#,http://sns-video-bd.xhscdn.com/ros-cn-sh/pre_post/1040g3vo31oga67balms05p1vebdqa5hb8vajmo8,1762243961000,1762613985000,643f72db000000002901162b,我懒得想,https://sns-avatar-qc.xhscdn.com/avatar/1040g2jo31ovjamhv1k005p1vebdqa5hbq67rbb8,18,4,0,0,湖北,http://sns-webpic-qc.xhscdn.com/202511172339/6ede13e937181572b98ddde64bb9ff91/1040g2sg31okm2lgtg6005p1vebdqa5hbi3j525o!nd_dft_wgth_webp_3,"妈妈就是妻子啊,棠宁,棠真,母女,文淇,吴可熙",1763394057496,https://www.xiaohongshu.com/explore/6909b579000000000300f39e?xsec_token=AB4wM-TMKUBLp3VM2bUalezsi5ZgnfAfQQ_FhDOCxQi18=&xsec_source=pc_search,血观音 母女,AB4wM-TMKUBLp3VM2bUalezsi5ZgnfAfQQ_FhDOCxQi18=
686955dc000000002203e1de,normal,“爱，是这个世界上最重要的东西”,"爱，是这个世界上最重要的东西。最可怕的不是眼前的刑罚，而是无爱的未来。
棠宁每一次都在烟雾缭绕中出场，在烟雾和酒精的麻痹下八面玲珑地游走于众多人物之间。她几乎包揽了棠家所有的脏活，似乎是那个最没有“人样”的人。可是我越往后看，越觉得痛苦不堪，难过的想要哭出来。
徘徊者是这个世界上最痛苦的那一类人，如果这个徘徊者心里还有“爱”这个东西存在的话，那就更痛苦了。她一直在徘徊，在纠结，在痛苦。她在这个家庭中尤为可怜的原因是因为她曾经得到过真正的爱，她曾经真的像公主那样活过，妈妈爸爸曾经是真的爱她。可是后来妈妈不爱她了，她痛苦，不解，愤怒，她会像一只小猫咪一样躺在妈妈腿上撒娇，在妈妈被捕的时候奋力地给妈妈扔降压药，在妈妈面前用酒来喝安眠药，张牙舞爪地武装自己。在妈妈面前，她永远都像一个在水中不停扑腾的溺水者，任她再怎么扑腾，妈妈永远在近在矩尺的岸边，慈眉善目地笑着，不会赏她一个真正关切的眼神，最终她溺死在了水中。这个时候，妈妈松了一口气，为她念起了往生咒，终于肯为她留下几滴如释重负的眼泪 。
在她们做母女的这段时间，她一直在费尽心思地想要去证明妈妈是爱自己的，而她的妈妈一直在费尽心力地想要她向自己低头。在她得知自己在母亲心中只是一个顶罪的棋子以后，她躺在地上用被割伤的双手狠狠扇了她最爱的妈妈一巴掌，暗色光影之下，妈妈的嘴角粘血，昔日慈佛一般的面孔在此时如同恶鬼。她是一个正常的有人性的人，会把自己最柔软脆弱的地方暴露给她爱的人，但真真会用自己的冷漠，妈妈会用自己的言语，往这个地方狠狠地扎上一刀。“你就不能活的像个人样吗？”这句话扎在了她内心最深处的大动脉上，一辈子也拔不出来，一但拔出来就会大出血而死。所有人都在责备她，都在看不起她，都在忽视她，责备她的放荡，不得体，不负责任，上不了台面，她的软弱。责备她心里怎么可以有“爱”这个东西。
因为她得到过爱，所以她知道怎么去爱，但是可悲的就是她没有能力去爱。她想让真真“活得像个人样”，她想让真真拥有正常小孩的生活，她在做一些见不得光的事情时，总要把真真支开，害怕真真像自己一样被送去陪神猪。电影里有一幕让我非常非常触动，就是在黑夜里，昏黄温暖的街灯下，棠宁骑车带着真真，晚风微微地吹动着，此时这一对心里都流着血的母女，第一次紧紧靠在一起。棠宁让真真抱住自己的腰。#血观音[话题]##棠宁[话题]##影评[话题]##爱[话题]##电影[话题]#",,1751733724000,1751733724000,649d4cd7000000001c02877e,呼呼噜噜,https://sns-avatar-qc.xhscdn.com/avatar/1040g2jo31845u0t83u5g5p4t9jbn51ru0uuiq9g,16,5,3,0,,"http://sns-webpic-qc.xhscdn.com/202511172339/dda71f6dca8712c50b0687dc28df7161/1040g2sg31jihf4472udg5p4t9jbn51ru2pj2pug!nd_dft_wlteh_webp_3,http://sns-webpic-qc.xhscdn.com/202511172339/c2b7cf1b0bc7f841de6d62025512adef/1040g2sg31jihf4472ua05p4t9jbn51ruq6q2cbg!nd_dft_wlteh_webp_3,http://sns-webpic-qc.xhscdn.com/202511172339/40cfffe278b782461aca1062b6d7a90b/1040g2sg31jihf4472u805p4t9jbn51rumggtvdo!nd_dft_wlteh_webp_3,http://sns-webpic-qc.xhscdn.com/202511172339/db5cb038719f9c9eed40b767dc65a448/1040g2sg31jihf4472ubg5p4t9jbn51rui7q7e4g!nd_dft_wlteh_webp_3,http://sns-webpic-qc.xhscdn.com/202511172339/4d64c36cb645d104393e4dcdcd7a9c71/1040g2sg31jihf4472u705p4t9jbn51rud2sor78!nd_dft_wlteh_webp_3,http://sns-webpic-qc.xhscdn.com/202511172339/6e8ae012d50cb301e32f73a95459623b/1040g2sg31jihf4472ub05p4t9jbn51ruuoerogo!nd_dft_wlteh_webp_3,http://sns-webpic-qc.xhscdn.com/202511172339/7136770d5934b2b84935be2f8e6efe2b/1040g2sg31jihf4472uc05p4t9jbn51ru47smb6o!nd_dft_wlteh_webp_3,http://sns-webpic-qc.xhscdn.com/202511172339/d470a7feaa5f87318a829414a11f2b70/1040g2sg31jihf4472ucg5p4t9jbn51rulroq7q8!nd_dft_wlteh_webp_3,http://sns-webpic-qc.xhscdn.com/202511172339/648262d118a9698939085218669d246f/1040g2sg31jihf4472ud05p4t9jbn51ruir6qu7g!nd_dft_wgth_webp_3","血观音,棠宁,影评,爱,电影",1763394057498,https://www.xiaohongshu.com/explore/686955dc000000002203e1de?xsec_token=ABioa0725OAEuHziG_v5-O2fzN4oG7lMTmEQOLT2xpD1I=&xsec_source=pc_search,血观音 母女,ABioa0725OAEuHziG_v5-O2fzN4oG7lMTmEQOLT2xpD1I=
618bec060000000021037589,normal,血观音,"最近看的一部电影，看完我整个人都阴郁了
《血观音》描述在女人组成的棠府里，住着3位不同世代但一样懂人心的女性，由棠夫人（惠英红饰）主持大局，穿梭权贵间，靠着高超手腕与柔软身段，在复杂的政商关系中生存取利；个性如刺猬般的大女儿棠宁（吴可熙饰）为求母亲肯定，勉力配合；乖巧的小女儿棠真（文淇饰）多半静静观察，唯母命是从。直到某天，棠家亲密友人惨遭灭门事件爆发，三人各自被牵扯其中，一向以大局为重的棠夫人，为了守护一切，费尽心机，却让三人走向不同的命运。
里面唯一的爱估计就是棠宁对棠真的母爱了
最可怜的就是棠宁，最喜欢的也是棠宁。自己生来就被母亲摆布，被自己的母亲当作礼物送给政客，当作政治经济利益的牺牲品，但也一直想着保护自己的女儿，想让自己的女儿无忧无虑地长大，可自己的女儿却连说话都不愿意和她说，还觉得她是一个疯子。但这些都是老夫人逼出来的，压抑得太久，只能靠酒精药物来麻痹，在女儿眼中就是厌恶，活得人不像人鬼不像鬼，所以在最后和棠真说的最后一句话就是一定要活得像个人样，她多希望棠真可以摆脱自己的母亲，摆脱那个家，所以她带棠真逃了，但棠真此时也知道了谁都走不掉，走就是死，最后选择回了棠家，而棠宁死在了海里。
最感动的就是棠宁最后放了棠真，尊重了棠真的选择，走的时候说了一句：真真，妈妈爱你。也是唯一一次以妈妈的身份和棠真说话，看到这里真的爆哭，老夫人真不是东西！最后棠真也没能像棠宁所希望的那样，还是黑化了，这就是最心痛的地方。
主演：惠英红 文淇 吴可熙
特演：柯佳嬿#电影推荐[话题]# #血观音[话题]# #电影[话题]#",,1636559878000,1636773437000,5ac4831b11be105c53671cb9,煎粒粒,https://sns-avatar-qc.xhscdn.com/avatar/6326f4e4cf6bbb92974c96aa.jpg,14,5,12,2,,"http://sns-webpic-qc.xhscdn.com/202511172339/b87f9dde99df4e2ce8883b6c1119a7d9/dcfb10d4-4d9d-3ac3-adad-03faa4d253fd!nd_dft_wlteh_webp_3,http://sns-webpic-qc.xhscdn.com/202511172339/4832fb895a9c253bd4d41519f886e9ee/9e371a0c-702c-32aa-b969-167003e1e106!nd_dft_wgth_webp_3,http://sns-webpic-qc.xhscdn.com/202511172339/8ca5af85b0066553aa71e5ffbbeecc5e/778914fe-4520-3791-b421-9d39a80efbc3!nd_dft_wgth_webp_3","电影推荐,血观音,电影",1763394057501,https://www.xiaohongshu.com/explore/618bec060000000021037589?xsec_token=ABBHwsYojtickv4FMCg1P1wVmNvwb8KFYEsYEiskH-LQA=&xsec_source=pc_search,血观音 母女,ABBHwsYojtickv4FMCg1P1wVmNvwb8KFYEsYEiskH-LQA=
68fd0ff30000000007022930,normal,公主命 丫鬟身🤷‍♀️,"和朋友翻拍了血观音海报
只能说这一版母女三人（祖孙三代）都吃的很好
Photo by @Pmyngky_eaa
	
#血观音[话题]##惠英红[话题]##文淇[话题]##吴可熙[话题]#",,1761415155000,1761415156000,5f77d26300000000010084e9,收信快樂,https://sns-avatar-qc.xhscdn.com/avatar/1040g2jo31bafueiani005nrnq9hg9179cjisrp8,12,0,0,0,上海,http://sns-webpic-qc.xhscdn.com/202511172339/ed31488d122d94bbd45bc813d7e67ccf/1040g2sg31o2ppl7okqe05nrnq9hg9179bjt5kn0!nd_dft_wlteh_webp_3,"血观音,惠英红,文淇,吴可熙",1763394057502,https://www.xiaohongshu.com/explore/68fd0ff30000000007022930?xsec_token=ABfa4858EIVw0vJNrdW510d1qKrC6O6edPBXy380GqpPU=&xsec_source=pc_search,血观音 母女,ABfa4858EIVw0vJNrdW510d1qKrC6O6edPBXy380GqpPU=
6833367d0000000020029578,video,血观音中最爱的是母女线,"自然地表达爱和放手是东亚家长最需要学习的两课。
#血观音[话题]# #文淇[话题]# #电影[话题]# #影视剪辑[话题]#",http://sns-video-bd.xhscdn.com/pre_post/1040g2t031htmgangji705oldjvr6smdrr1cs778,1748186749000,1748186750000,62ad9ff6000000001b0259bb,想得太多脑袋会痛,https://sns-avatar-qc.xhscdn.com/avatar/1040g2jo31hf35hlqju0g5oldjvr6smdr24uqoqg,11,3,1,0,,http://sns-webpic-qc.xhscdn.com/202511172339/75323e539955217000b7a8cf1a70111f/1040g00831htmkm0t3u005oldjvr6smdr7q5obtg!nd_dft_wgth_webp_3,"血观音,文淇,电影,影视剪辑",1763394057506,https://www.xiaohongshu.com/explore/6833367d0000000020029578?xsec_token=ABys4WsyiyQCClGnZqGKmkKPM0wB8AR14w6xSpsWzyZes=&xsec_source=pc_search,血观音 母女,ABys4WsyiyQCClGnZqGKmkKPM0wB8AR14w6xSpsWzyZes=
63c9316f000000001f00a016,normal,我是为你好——《血观音》,"祖孙三代的故事，在华丽的亲情外表下，充斥着权力与阴谋。
棠夫人作为弥陀计划掌权人，步步为营，不惜拿自己和女儿做筹码，去争权夺势。棠夫人通人性，善做局，她的娇弱是一把利刃，刀刀催人魂，煎人寿。
大女儿棠宁是母亲手中的一把名器，绚烂夺目，供男人把玩。她酗酒磕💊，叛逆任性，却总在适宜的时刻为母亲解围挡灾。她想要母亲的爱，却是不可得的奢望，于是把这种渴望转嫁到棠真的身上，在一次次的失望和折磨中变得“非人”。“活成一个人样”成为她短短一生的梦魇。
小女儿棠真是无爱之家中的孤岛，她懂得棠夫人的算计，知晓棠宁生活的糜烂，用冷眼和沉默打量着一切。她把对爱的幻想倾注在林翩翩和Marco的身上，也把唯一的天真留给了Marco。寂寞在她身上结满了网，而这幻想中的爱情注定是一个悲剧。
“我是为你好。”
这是支配者最深情的谎话。棠夫人用这句话控制着棠宁，把权钱的欲望包裹上亲情的糖衣。棠宁又把这句话送给了棠真，在棠真冷漠的注视下最终顿悟。在为棠真解开手铐的一刹那，她放下了对爱的执着，也看透了棠夫人对自己的控制，只可惜一切太迟太晚。
《血观音》以弥陀计划为主线，棠家三母女的故事为背景板，揭示了权力交织下不一样的亲情。电影充满了权谋色彩，暖黄温情的色调反衬出人性的冷漠与疏离，是与非在利益面前显得那般单薄，娇弱与暴虐不过是为达目的的手段，爱情是筹码，是幻影，万不可当真。
天下熙熙，皆为利来，天下攘攘，皆为利往。
——“比沉重的刑罚更可怕的，是无爱的未来。”
#电影推荐[话题]# #血观音[话题]##电影分享[话题]# #我的观影记录[话题]#",,1674129775000,1703346869000,61187f86000000000100875f,不知名的Trees Zhou🌸,https://sns-avatar-qc.xhscdn.com/avatar/1040g2jo312ugaajmlm6g5o8ofu3091qv8q97o6g,8,0,3,1,,"http://sns-webpic-qc.xhscdn.com/202511172340/5a7bf5ee4996e6f53f658dece10a3fe9/1000g0081tom3nneeq04g5o8ofu3091qvt2c504g!nd_dft_wgth_webp_3,http://sns-webpic-qc.xhscdn.com/202511172340/808bf9f58c3e937b4cdf7a6bf7f5ec88/1000g0081tom3nneeq0605o8ofu3091qvum48ga8!nd_dft_wgth_webp_3,http://sns-webpic-qc.xhscdn.com/202511172340/f0ae6b49952939640ee09850dd273936/1000g0081tom3nneeq0505o8ofu3091qvntebbgg!nd_dft_wgth_webp_3,http://sns-webpic-qc.xhscdn.com/202511172340/f5e2ede4d6f2b5f8f27d18fdf90df068/1000g0081tom3nneeq05g5o8ofu3091qvivrfllo!nd_dft_wgth_webp_3,http://sns-webpic-qc.xhscdn.com/202511172340/c938356a6618ff56c2f47a9b41b8cf39/1000g0081tom3nneeq02g5o8ofu3091qv1dijdh0!nd_dft_wgth_webp_3,http://sns-webpic-qc.xhscdn.com/202511172340/b70b9041b3da76eb45097b9369d27de1/1000g0081tom3nneeq06g5o8ofu3091qvrlfloq0!nd_dft_wgth_webp_3","电影推荐,血观音,电影分享,我的观影记录",1763394057509,https://www.xiaohongshu.com/explore/63c9316f000000001f00a016?xsec_token=AByVRTKaIyjd1wyZHiPGuZSZRQDa56JVfG_102Kk81ZRc=&xsec_source=pc_search,血观音 母女,AByVRTKaIyjd1wyZHiPGuZSZRQDa56JVfG_102Kk81ZRc=
67f0cfb2000000000b01f01c,normal,《血观音》：撕开人性伪装，剖析欲望泥潭,"《血观音》是一部由杨雅喆编剧并执导的剧情片。
	
电影简介
影片故事发生在一个看似平静的南方富绅家庭。棠夫人（惠英红饰）是棠府的当家人，她外表优雅，善于交际，实则老谋深算，在政商两界暗中操控着各种利益关系。棠宁（吴可熙饰）是棠夫人的大女儿，她美丽而叛逆，长期被母亲当作棋子，周旋于各种男人之间，以获取情报和利益，内心却充满了痛苦和挣扎。棠真（文淇饰）是棠夫人的小女儿，看似懵懂纯真，却在棠府复杂的环境中逐渐成长，暗中观察着一切。
影片以一起离奇的灭门惨案为开端，将棠家母女三人卷入了一场巨大的权力与利益的纷争之中。随着剧情的发展，各种阴谋、背叛、谎言逐渐浮出水面。棠夫人为了维护家族的利益和地位，不惜一切代价，甚至牺牲自己的亲人。棠宁在认清母亲的真面目后，试图反抗却无力挣脱。棠真则在目睹了家族的种种丑恶后，内心发生了扭曲。
《血观音》通过对棠家母女三人复杂关系和命运的刻画，展现了人性在权力、欲望和利益面前的挣扎与扭曲，同时也对社会的黑暗面进行了深刻的揭露和批判。影片凭借独特的叙事风格、精彩的表演和深刻的主题，获得了广泛的关注和好评。
复杂叙事，多线交织
角色鲜活，人性多面
镜头隐喻，深化主题
《血观音》不仅是一部电影，更是对人性和社会的深刻反思。它让观众看到，在权力和欲望的驱使下，人性可以堕落到何种地步，也让我们对身边看似美好的事物保持警惕。这部电影以其独特的魅力，在华语电影史上留下了浓墨重彩的一笔，成为值得反复品味的经典之作。",,1743835058000,1743835058000,6665b4060000000003030621,观影日记,https://sns-avatar-qc.xhscdn.com/avatar/1040g2jo31e766of2106g5pj5mg30u1h10fd4n68,8,4,0,0,,"http://sns-webpic-qc.xhscdn.com/202511172340/b768173315f52433c841ab53240a55a8/1040g2sg31fsrg7sq0i5g5pj5mg30u1h17ke5kvo!nd_dft_wlteh_webp_3,http://sns-webpic-qc.xhscdn.com/202511172340/b5ee3b8e18ee969aecdadbee7b42a896/1040g2sg31fsrg7sq0i405pj5mg30u1h1bobvrm8!nd_dft_wgth_webp_3,http://sns-webpic-qc.xhscdn.com/202511172340/c44c004628556ab8cf062f6f207cf301/1040g2sg31fsrg7sq0i4g5pj5mg30u1h124ap9f0!nd_dft_wlteh_webp_3,http://sns-webpic-qc.xhscdn.com/202511172340/e86e3f56bcb0683017f6184c3ff35d6a/1040g2sg31fsrg7sq0i6g5pj5mg30u1h168pdaoo!nd_dft_wgth_webp_3,http://sns-webpic-qc.xhscdn.com/202511172340/7a70f79b810c394a808c5507ada29dca/1040g2sg31fsrg7sq0i505pj5mg30u1h1pntc9j0!nd_dft_wgth_webp_3",,1763394057511,https://www.xiaohongshu.com/explore/67f0cfb2000000000b01f01c?xsec_token=ABKHHTEvW8BJBMvhen6Gbf0ZRwddIHi_hRHwuTFQP_qQU=&xsec_source=pc_search,血观音 母女,ABKHHTEvW8BJBMvhen6Gbf0ZRwddIHi_hRHwuTFQP_qQU=
67e69afe000000001b026a7f,normal,❤️,"随着棠宁死去，再也没有人是像一个人一样的对待棠真
只是她还小 她不懂
“妈妈爱你”
	
这些年刷了得有四五遍，每遍看每遍惊艳[大笑R]
#血观音[话题]# #好电影推荐[话题]#",,1743166206000,1743166682000,60968e3e000000000101f73e,..,https://sns-avatar-qc.xhscdn.com/avatar/1040g2jo31lndjl0jlm0g5o4mhov0btpukjvm5og,8,2,2,0,,"http://sns-webpic-qc.xhscdn.com/202511172340/abe67eea45ca0c31f29e905f9ebd1b40/notes_pre_post/1040g3k831fishv71g4705o4mhov0btpu0sqc38g!nd_dft_wgth_webp_3,http://sns-webpic-qc.xhscdn.com/202511172340/6024eafcd9c4e3777b39ca3db94af180/notes_pre_post/1040g3k831fishv71g47g5o4mhov0btpuf4nett8!nd_dft_wgth_webp_3,http://sns-webpic-qc.xhscdn.com/202511172340/dca7b3d8ebfd7bf296ebd1b5f6b5afdb/notes_pre_post/1040g3k831fishv71g4805o4mhov0btpufnq74b8!nd_dft_wgth_webp_3","血观音,好电影推荐",1763394057515,https://www.xiaohongshu.com/explore/67e69afe000000001b026a7f?xsec_token=ABj2jY-wVBUb30ZkPDyB4FhTINXjPGO-kPrChU_TKQdbg=&xsec_source=pc_search,血观音 母女,ABj2jY-wVBUb30ZkPDyB4FhTINXjPGO-kPrChU_TKQdbg=
685bbefc0000000022030eba,normal,绝了🙈血色亲情和虚假姐妹情都被她碰上了,"宝子们见字好，我是南㬢～
今天要聊的是拿下金马最佳剧情片的《血观音》！
豆瓣7.7分，全员恶女却让我看得脊背发凉！
一起来拆解这场血色权谋下的女性悲剧👇
	
🎬 剧情速览
棠府三代女人——棠夫人（惠英红 饰）、女儿棠宁（吴可熙 饰）、孙女棠真（文淇 饰），表面是古董商名媛，实为游走政商界的“白手套”。一桩灭门血案掀开30亿土地炒作的阴谋，母女三人从互相利用到自相残杀，最终全员堕入无间地狱。
	
💄 女性视角：被男权啃噬的“观音像”
1. 棠夫人：慈悲面皮下，权力祭坛上的母狼
吃斋念佛却弑女屠门，一句“我是为你好”榨干女儿棠宁的肉体与灵魂。她将亲情异化为工具：让棠宁色诱高官、为私生女棠真戴上名媛枷锁。所谓“为家族荣耀”，实则是男权游戏中唯一的生存法则——“狠不下心，就成不了人上人”。
	
2. 棠宁：被撕碎的“名牌包”
🌧️ 最痛台词预警：“妈，我是不是你的名牌包？用旧了就换新的。” 她酗酒、纵欲、癫狂，却是全片唯一渴望“活出人样”的角色。对母亲的依恋与反抗，让她成了权力绞肉机里最鲜红的祭品。
3. 棠真：纯白校服染血的恶之果
14岁少女冷静见死不救、囚禁闺蜜情人、背叛生母。当她在火车上被Marco强奸时——苹果滚落（伊甸园禁果象征），童真彻底粉碎。从此她继承棠夫人的权术，却坠入比断腿更痛的深渊：无爱的未来。
	
🩸 “以爱为名”的诅咒
- 血色亲情：棠夫人以爱驯化女儿，棠真以“孝道”折磨临终的棠夫人：“您要长命百岁，万年富贵！” 爱沦为最锋利的刀。
- 虚假姐妹情：棠真对林翩翩的嫉妒藏在乖巧笑容下，录音笔记录的不是友情，是谋杀导火索。女性同盟？不，是**父权下的囚徒互撕。
	
✨ 南㬢的戳心顿悟
“世上最可怕的不是刑罚，而是无爱的未来。”
这句话不仅是片尾字幕，更是当代女性的警钟！当我们被“为你好”绑架、用野心武装脆弱、把情感当筹码…是否也正亲手砌起无爱的牢笼？
	
真正的女性力量，从不是成为下一个“棠夫人”——而是在血色修罗场中，敢于对物化说“不”，救赎那个渴望被爱的自己💗
	
好了宝子们，这部电影就像一杯淬毒的旗袍咖啡☕️——华丽却致命！记得每一天都要认真感受爱、拒绝被定义哦～我是南㬢，下期带你拆解更多暗黑美学！ 💋
	
#女性成长[话题]# #人性暗黑美学[话题]# #豆瓣高分[话题]# #血观音细节[话题]#
你愿意用无爱换权力吗？评论区扎心坦白局！",,1750843132000,1750843327000,5db5ae420000000001004476,南㬢观影,https://sns-avatar-qc.xhscdn.com/avatar/1040g2jo31khdnhh3j26g5ndllp108h3mb6b7k00,6,2,4,1,,"http://sns-webpic-qc.xhscdn.com/202511172340/adaeb79ea42973abdfc544067f151631/1040g2sg31j4ui4v9iukg5ndllp108h3mj8g0d48!nd_dft_wlteh_webp_3,http://sns-webpic-qc.xhscdn.com/202511172340/c2823970781b2ba0ab4229e78dd3230c/notes_pre_post/1040g3k831j598k0034005ndllp108h3mfb3g340!nd_dft_wgth_webp_3,http://sns-webpic-qc.xhscdn.com/202511172340/b5489855e6f8730f91dca00697222552/notes_pre_post/1040g3k831j598k2q2o005ndllp108h3m18msj28!nd_dft_wgth_webp_3,http://sns-webpic-qc.xhscdn.com/202511172340/7e9885745a9b912146d0cdb65d4e8e26/notes_pre_post/1040g3k831j598kr3j0005ndllp108h3mnuei5m8!nd_dft_wgth_webp_3,http://sns-webpic-qc.xhscdn.com/202511172340/617b4bf61c9e2a47c1a3d05c0ec547c0/notes_pre_post/1040g3k831j598kop32005ndllp108h3mk4c75lo!nd_dft_wgth_webp_3,http://sns-webpic-qc.xhscdn.com/202511172340/9348706ac660cc7f381a2e10ebf8dd2f/notes_pre_post/1040g3k831j598kme2u005ndllp108h3mlepnfe8!nd_dft_wgth_webp_3,http://sns-webpic-qc.xhscdn.com/202511172340/5a2a32cedbf432e375ee90c01c30a2bf/notes_pre_post/1040g3k831j598kjn34005ndllp108h3mdqf6lho!nd_dft_wgth_webp_3,http://sns-webpic-qc.xhscdn.com/202511172340/f95f90f3ee7e5cf9f0a15b086ad69926/notes_pre_post/1040g3k831j598kgo30005ndllp108h3mnr9hav0!nd_dft_wgth_webp_3,http://sns-webpic-qc.xhscdn.com/202511172340/807ee094927b22e5dbc47c5dbc9dd8ca/notes_pre_post/1040g3k831j598kcs34005ndllp108h3mve7ruvg!nd_dft_wgth_webp_3,http://sns-webpic-qc.xhscdn.com/202511172340/602cfc3bc18abbfea70eaf7ecff11b9c/notes_pre_post/1040g3k831j598kahio005ndllp108h3mcf0sncg!nd_dft_wgth_webp_3,http://sns-webpic-qc.xhscdn.com/202511172340/839b83943b921b0323affaa268046818/notes_pre_post/1040g3k831j598k82j4005ndllp108h3mq8nh7s8!nd_dft_wgth_webp_3,http://sns-webpic-qc.xhscdn.com/202511172340/4d3a19f21a0eef238a83407891e93f64/notes_pre_post/1040g3k831j598k5eio005ndllp108h3mo4rq31o!nd_dft_wgth_webp_3","女性成长,人性暗黑美学,豆瓣高分,血观音细节",1763394057517,https://www.xiaohongshu.com/explore/685bbefc0000000022030eba?xsec_token=ABbH38uDiQMQn1rYlafd-g48sJEtTLPah2UG0BvBduHqM=&xsec_source=pc_search,血观音 母女,ABbH38uDiQMQn1rYlafd-g48sJEtTLPah2UG0BvBduHqM=
68f3cc44000000000301f866,normal,牺牲品,"#血观音[话题]# #观影记录[话题]#
血观音，特别优秀的一部作品，看完最直观的感受是比恐怖片恐怖。
	
一个为了权力杀害亲女儿，一个为了自由身死海上，一个向往爱情却被成人的欲念击碎天真的幻想。
	
影片高潮部分，棠宁所在的小船被引爆，断绝了一切活路，镜头给到棠夫人。棠夫人意识到棠宁的死念着佛经落泪，为这个人物赋予了弧光。并非是对她残存亲情的赞颂，面对尚有母女之情的棠宁，棠夫人为了顶罪，也能毫不留情地牺牲，反倒加深了棠夫人对权势的执着，让棠家扭曲的价值观彻底陷入无法挽回的地步。
	
棠宁是三人中尚存些许良知的，棠宁的死亡会在观众心中埋下不幸的心理暗示，并且在人物成长尚未完全体现的棠真身上应验。影片先前的部分已经点明棠宁是棠真的亲生母亲，而且棠宁仍爱着棠真，即使后来这份母爱不被棠真接受，棠宁活着时，母爱一直存在。可当棠宁死亡，母爱消失，棠夫人的“爱”是不可确定的，不纯粹的，充满欲望和利用关系的，因此棠真对爱的渴求迅速扩大。第一次接吻，与下人发生关系，打破了天真者对爱情的幻想，使棠真彻彻底底成为麻木者，确定棠真那无爱的注定孤独的未来（从私藏下人的行为能看出还有叛逆之心），后来棠真接手棠家家业也就毫不意外。
	
人物弧光有很多，大部分是人物的觉醒，也有人物对深层欲望的醒悟，或者真实性格的体现。按个人理解，棠真此处有对真实的成人世界的首次最直观接触，也有棠真对自己渴望爱的深层欲望的醒悟，这是一次疼痛异常的扭曲的成长。悲剧性正在于：当棠真意识到自己渴望的是爱而不是肉欲时，这个世界上唯一能无私地爱她的人已经被自己在世上仅存的另一个亲人杀死了，她的未来再也不会有人无私地爱她。而她不愿意承认的母亲，唯一真正爱她的人，一直被迫以此时她无法接受的方式谋取棠家的钱和权。棠真会想起无数有关棠宁的记忆，预见无数她将步的后尘。
	
“世上最可怕不是眼前的刑罚，而是无爱的未来。”
对棠宁来说，死亡也是解脱。
	
很喜欢片中有关画、手、果的隐喻，血色的镜头不多，但是一切罪恶和真相都在情节和意象中不言而喻。",,1760808004000,1760808005000,5eaa8ed10000000001007cba,颀逸qi,https://sns-avatar-qc.xhscdn.com/avatar/1040g2jo31osdugvc1o6g5nlahr8g8v5q9g8nsu0,4,1,1,0,浙江,"http://sns-webpic-qc.xhscdn.com/202511172340/60595d509af8eda3f6349cfe9de01172/notes_pre_post/1040g3k031npn6l696g505nlahr8g8v5qh776tlg!nd_dft_wgth_webp_3,http://sns-webpic-qc.xhscdn.com/202511172340/b4a9a988935bef7b06f6d466c1094b56/notes_pre_post/1040g3k031npn6l696g4g5nlahr8g8v5qodngmlg!nd_dft_wgth_webp_3,http://sns-webpic-qc.xhscdn.com/202511172340/744acf5caaf103e260b8974ae2ed193d/notes_pre_post/1040g3k031npn6l696g405nlahr8g8v5qtrm191o!nd_dft_wgth_webp_3","血观音,观影记录",1763394057520,https://www.xiaohongshu.com/explore/68f3cc44000000000301f866?xsec_token=ABRJMB-aliqsL9dMgHr0-mOG-8YWGHOtnOjdHFMGjkILk=&xsec_source=pc_search,血观音 母女,ABRJMB-aliqsL9dMgHr0-mOG-8YWGHOtnOjdHFMGjkILk=
645558770000000013032168,normal,我只想说：牛b！！！,整部电影的氛围就非同一般，“母女”三人演技都绝了，直观看下来棠宁让我觉得很出彩。#血观音[话题]# #电影推荐[话题]# #悬疑[话题]# #高分电影[话题]#,,1683314808000,1683348262000,6117973d000000002002e7f5,不穿毛衣好多年,https://sns-avatar-qc.xhscdn.com/avatar/1040g2jo30un3243gl6005o8nisuo5pvl64999f0,3,1,0,0,,http://sns-webpic-qc.xhscdn.com/202511172340/28df553179aedc31920eeefb4171d5cd/1000g0082es55kiugs0005o8nisuo5pvl681mg10!nd_dft_wgth_webp_3,"血观音,电影推荐,悬疑,高分电影",1763394057523,https://www.xiaohongshu.com/explore/645558770000000013032168?xsec_token=ABab6CEzxB-xP9HzD4D1KZ2H6H8AZYACX-oZhz0VNaIGU=&xsec_source=pc_search,血观音 母女,ABab6CEzxB-xP9HzD4D1KZ2H6H8AZYACX-oZhz0VNaIGU=
6714f458000000002401a192,normal,“我是为你好！到底是为谁好？”,"✨最近重刷了电影《血观音》，被其中反复出现的那句 “我是为你好” 吓到了。剧中棠夫人用这一句话困住了女儿棠宁和孙女棠真的一生。
👨‍👩‍👧‍👦现实生活中，我听到太多“我是为你好”，大多来自父母……
💬因为 “我是为你好” ，所以我“必须听你的”？？？？？
😔 “我是为你好！到底是为谁好？”
👉一人一句话，告诉我应该如何回复对方的“我是为你好”？
#血观音 #家庭教育 #我是为你好  #父母与孩子[话题]# #心理 #家庭教育知识  #孩子教育[话题]# #PUA
[扶墙R]",,1729426520000,1729426520000,666bf143000000000303234e,柠檬不萌爱学习,https://sns-avatar-qc.xhscdn.com/avatar/1040g2jo3195odd6bla6g5pjbu51gu8qe8of1v2o,1,0,2,2,,"http://sns-webpic-qc.xhscdn.com/202511172340/b561cd1eb488904ca236a678e841f2e3/spectrum/1040g0k031964gmuk4g005pjbu51gu8qep6ehlcg!nd_dft_wlteh_webp_3,http://sns-webpic-qc.xhscdn.com/202511172340/7310a08c44d79a923bdaf3044e17c621/spectrum/1040g0k031964n6uj4g005pjbu51gu8qelpcnvlg!nd_dft_wlteh_webp_3","父母与孩子,孩子教育",1763394057528,https://www.xiaohongshu.com/explore/6714f458000000002401a192?xsec_token=ABRSdDiuCTSUzpHo0bRm583L0vAbHCZnW-lvysSEUpXYc=&xsec_source=pc_search,血观音 母女,ABRSdDiuCTSUzpHo0bRm583L0vAbHCZnW-lvysSEUpXYc=
66a65889000000000503ba0d,normal,《血观音》,这母女仨演技都太炸裂了#悬疑电影[话题]# #电影分享[话题]# #悬疑片[话题]# #电影[话题]#,,1722177673000,1722177673000,613f708300000000020275f6,momo,https://sns-avatar-qc.xhscdn.com/avatar/1000g2jo2obb5vk8jq0005o9ve21gktfmare09g0,1,0,0,0,,"http://sns-webpic-qc.xhscdn.com/202511172340/750d7f5d0b20a755a4af1eae98c8747d/1040g2sg315q41gda2ocg5o9ve21gktfmjkpl5io!nd_dft_wgth_webp_3,http://sns-webpic-qc.xhscdn.com/202511172340/0be1ec00e7e9be59dafcb6b59fd92f99/1040g2sg315q41gda2od05o9ve21gktfmu22562g!nd_dft_wgth_webp_3,http://sns-webpic-qc.xhscdn.com/202511172340/a542f958956a525e316dd358e78ef3a8/1040g2sg315q41gda2odg5o9ve21gktfm17nvipg!nd_dft_wgth_webp_3,http://sns-webpic-qc.xhscdn.com/202511172340/8e2f85a0da11c01ee8252dba259a7b47/1040g008315q4hl252o005o9ve21gktfmi43of4o!nd_dft_wgth_webp_3","悬疑电影,电影分享,悬疑片,电影",1763394057532,https://www.xiaohongshu.com/explore/66a65889000000000503ba0d?xsec_token=ABpP8PJuZVFw9tmaCkIqc5HukJUyDGnB1zZNCKPhPHG0s=&xsec_source=pc_search,血观音 母女,ABpP8PJuZVFw9tmaCkIqc5HukJUyDGnB1zZNCKPhPHG0s=
67e7847c000000000900d531,normal,血观音观感,棠宁和棠真在海边分别的时候，棠宁不放手棠真无法相信她的母爱是真的，放手了棠真以后再也得不到这样的母爱了。无论选择是什么，棠真的未来注定是无爱的,,1743225980000,1743225980000,5e0daa8a0000000001001d4f,今天去哪里啊,https://sns-avatar-qc.xhscdn.com/avatar/5e0daa8a0000000001001d4f.jpg,0,0,0,0,,http://sns-webpic-qc.xhscdn.com/202511172340/02346d69408dafb2171d161618e774d3/1040g2sg31fjp59pe00dg5ngdla5087afbodrugg!nd_dft_wlteh_webp_3,,1763394057537,https://www.xiaohongshu.com/explore/67e7847c000000000900d531?xsec_token=AB_joqdx6nYHqcvdEb9Djsbc84-Clbg8qCHXHd8NIuG_4=&xsec_source=pc_search,血观音 母女,AB_joqdx6nYHqcvdEb9Djsbc84-Clbg8qCHXHd8NIuG_4=
65e32869000000000102a89b,normal,所以夫人啊，你一定要长命百岁 万年富贵,"长命百岁，万年富贵
在片尾也能成为一种恶毒的诅咒
整个片子都好阴郁啊
有一种湿哒哒、不舒服的氛围
母与子关系的扭曲
#血观音[话题]# #影片[话题]# #电影观后感[话题]# #电影推荐[话题]#",,1709385834000,1709386266000,5df7394c000000000100acb8,Kirei,https://sns-avatar-qc.xhscdn.com/avatar/1040g2jo31gs5djink2005nfn75609b5o2ocia7g,0,0,0,0,,"http://sns-webpic-qc.xhscdn.com/202511172340/28d2c0cd2bd1038272d76649dcf40664/1040g00830vrgtk56m0005nfn75609b5o0c8bnn0!nd_dft_wgth_webp_3,http://sns-webpic-qc.xhscdn.com/202511172340/ea358f6cfa243556ae2ef9594384c78e/1040g00830vrgtk56m00g5nfn75609b5ov890opg!nd_dft_wgth_webp_3,http://sns-webpic-qc.xhscdn.com/202511172340/5235eaa7a9c4d1785f02a97ce76f85ea/1040g00830vrgtk56m0105nfn75609b5onqpvsug!nd_dft_wgth_webp_3,http://sns-webpic-qc.xhscdn.com/202511172340/4009c8020e7bf6b14b84b7d081959e49/1040g00830vrgtk56m01g5nfn75609b5ov846f08!nd_dft_wgth_webp_3,http://sns-webpic-qc.xhscdn.com/202511172340/0633fd90759756c7374614f0e14263bf/1040g00830vrgtk56m0205nfn75609b5of29mpmo!nd_dft_wgth_webp_3,http://sns-webpic-qc.xhscdn.com/202511172340/03d985eec3f1736da0c423bd43cfd52c/1040g00830vrgtk56m02g5nfn75609b5om14vv9g!nd_dft_wgth_webp_3,http://sns-webpic-qc.xhscdn.com/202511172340/9dbae22acdd50073201df6444d5c552e/1040g00830vrgtk56m0305nfn75609b5o0a3sato!nd_dft_wgth_webp_3","血观音,影片,电影观后感,电影推荐",1763394057541,https://www.xiaohongshu.com/explore/65e32869000000000102a89b?xsec_token=AB20bQ0A5-EofZq8d-pnvFigxet1rmk540r3aaaXyakwQ=&xsec_source=pc_search,血观音 母女,AB20bQ0A5-EofZq8d-pnvFigxet1rmk540r3aaaXyakwQ=
64e20313000000000c0358a9,normal,🎞️ weekend movie time,"《血观音》
观音本慈悲，欲望染血色。
🥀和蔼的棠月影，堕落的棠宁，天真的棠真，母女三人生活看似光鲜亮丽，实则不然……
🥩棠月影狠毒老辣，棠真渴望真心，心中胆怯却也手举屠刀，唯独最是行为无度的棠宁，反而是保留着善性的人，她们互相配合在钱权之间周旋……
🍺正个影片色调忧郁深沉，妆容精致，内容露骨，每个人都在这种环境中挣扎沉沦，除了慨叹人性的黑暗，让我也不禁更加向往生命中的真挚和感动……",,1692533523000,1692533523000,5c0f693900000000050309c8,山月微澜,https://sns-avatar-qc.xhscdn.com/avatar/1040g2jo31baccrnnne6g4buvrbkji2e8fo48pv0,0,0,0,0,,"http://sns-webpic-qc.xhscdn.com/202511172340/9aeddecb9cd31b605ae15a00c9787266/1040g00830o0d3qbkhm6g4buvrbkji2e8o3ubd5g!nd_dft_wlteh_webp_3,http://sns-webpic-qc.xhscdn.com/202511172340/5f6212f81238f415cc8fea591d629afb/1040g00830o0d3qbkhm504buvrbkji2e84mm66bo!nd_dft_wlteh_webp_3,http://sns-webpic-qc.xhscdn.com/202511172340/b3f6a22aa3c20159c9afbe55eed1f913/1040g00830o0d3qbkhm404buvrbkji2e8p85uqo0!nd_dft_wlteh_webp_3,http://sns-webpic-qc.xhscdn.com/202511172340/08f553ca7b007905cf660d2ab104979f/1040g00830o0d3qbkhm4g4buvrbkji2e8928vatg!nd_dft_wlteh_webp_3",,1763394057545,https://www.xiaohongshu.com/explore/64e20313000000000c0358a9?xsec_token=AB2RngncsrbAm94hXRY1e6pdv33B_KUfzP8BZ0zdd_qRs=&xsec_source=pc_search,血观音 母女,AB2RngncsrbAm94hXRY1e6pdv33B_KUfzP8BZ0zdd_qRs=
69176d5d0000000004021d99,normal,血观音,"这几年最爱的电影，没有之一，刷了不知道多少遍。
	
金钱与权利，让棠家祖孙三代成了欲望的奴隶。
	
唯一的正常的，居然是最为放纵的棠二，她清醒的看着自己成为母亲的工具，她是有能力反抗的，却只能借毒色消愁，也许是因为她曾经感受过母亲的真心，也许是她能理解家道中落下母亲的不易。棠二最后一次反抗，也只是为了自己的女儿棠三，可惜棠三并不接受这种畸形的母爱。棠二明知会死却仍然要上那艘船，也许是为了解脱，也许是为了给女儿棠三证明自己是真的爱她。
	
棠夫人对棠二有爱吗？那点真心可能早已湮没在丈夫早逝的阴影里，捡起女儿递来的药盒时，她应该也后悔过吧。在炸死女儿之前，她给过机会的，那通电话已经明示棠二哪怕上船离开也上不了岸，但迟来的真心有什么用呢，棠二一心解脱。
	
棠三从小就憎恨自己放荡的真正的母亲棠二，认为是她给自己的生命带来阴影，因此和祖母棠夫人站在了一起。畸形的环境让她对畸形的对象产生好感，甚至为了这种畸形的爱情摧毁了唯一的友情，虽然友情本身也是畸形的。最后畸形的爱情并没有拯救她，想要拯救她的母亲却被畸形的亲情杀死。
	
每个人都是恶人，但每个人都有必须要作恶的理由。
细糠啊。
#血观音[话题]#",,1763143005000,1763143006000,56c473204775a73197f938b0,深圳第一绝美性感母蟑螂,https://sns-avatar-qc.xhscdn.com/avatar/56c473204775a73197f938b0.jpg,0,0,0,0,广东,http://sns-webpic-qc.xhscdn.com/202511172340/d89f337778f237d2a9ad92d88cfbb974/notes_pre_post/1040g3k031osi8b101o0045l3tipi0e5g3mf1msg!nd_dft_wlteh_webp_3,血观音,1763394057551,https://www.xiaohongshu.com/explore/69176d5d0000000004021d99?xsec_token=ABN_sKXqrDu8YgyyqwVw3w2VH_MISuPkFw1lkdgXoOlMw=&xsec_source=pc_search,血观音 母女,ABN_sKXqrDu8YgyyqwVw3w2VH_MISuPkFw1lkdgXoOlMw=
65d3b1ed000000000b00cc43,normal,周末看电影 血观音,完整版只能晚上看，因为白天会马上被消失，于是我熬到半小时前。这半小时都在原地消化电影。妈的看到中间想点烟就出现了“抽烟奶会干掉，喝酒会变疯婆”的台词……艹……又默默把抽出来的烟默默地放回去了……🙄 ​​​ #母女三代的恶[话题]##血观音[话题]# #电影分享[话题]#,,1708372461000,1708525337000,597843e36a6a6956371d275e,悠人Jasmine,https://sns-avatar-qc.xhscdn.com/avatar/1040g2jo30vc59glslg4g49mr7d1u69qu7id9i80,0,0,0,0,,http://sns-webpic-qc.xhscdn.com/202511172340/bdb87f3c7c37a800078ab384e996ca4e/1040g2sg30vcdmruolk6049mr7d1u69qur6jev20!nd_dft_wlteh_webp_3,"母女三代的恶,血观音,电影分享",1763394057555,https://www.xiaohongshu.com/explore/65d3b1ed000000000b00cc43?xsec_token=ABUcTcx-TJoUHcwuyD1Y6jDKT0BJv8Udl35TciZOJJv90=&xsec_source=pc_search,血观音 母女,ABUcTcx-TJoUHcwuyD1Y6jDKT0BJv8Udl35TciZOJJv90=
645558770000000013032168,normal,我只想说：牛b！！！,整部电影的氛围就非同一般，“母女”三人演技都绝了，直观看下来棠宁让我觉得很出彩。#血观音[话题]# #电影推荐[话题]# #悬疑[话题]# #高分电影[话题]#,,1683314808000,1683348262000,6117973d000000002002e7f5,不穿毛衣好多年,https://sns-avatar-qc.xhscdn.com/avatar/1040g2jo30un3243gl6005o8nisuo5pvl64999f0,3,1,0,0,,http://sns-webpic-qc.xhscdn.com/202511172343/06679e678335626b57cd746798195d88/1000g0082es55kiugs0005o8nisuo5pvl681mg10!nd_dft_wgth_jpg_3,"血观音,电影推荐,悬疑,高分电影",1763394372112,https://www.xiaohongshu.com/explore/645558770000000013032168?xsec_token=ABab6CEzxB-xP9HzD4D1KZ2H6H8AZYACX-oZhz0VNaIGU=&xsec_source=pc_search,血观音 母女,ABab6CEzxB-xP9HzD4D1KZ2H6H8AZYACX-oZhz0VNaIGU=
6714f458000000002401a192,normal,“我是为你好！到底是为谁好？”,"✨最近重刷了电影《血观音》，被其中反复出现的那句 “我是为你好” 吓到了。剧中棠夫人用这一句话困住了女儿棠宁和孙女棠真的一生。
👨‍👩‍👧‍👦现实生活中，我听到太多“我是为你好”，大多来自父母……
💬因为 “我是为你好” ，所以我“必须听你的”？？？？？
😔 “我是为你好！到底是为谁好？”
👉一人一句话，告诉我应该如何回复对方的“我是为你好”？
#血观音 #家庭教育 #我是为你好  #父母与孩子[话题]# #心理 #家庭教育知识  #孩子教育[话题]# #PUA
[扶墙R]",,1729426520000,1729426520000,666bf143000000000303234e,柠檬不萌爱学习,https://sns-avatar-qc.xhscdn.com/avatar/1040g2jo3195odd6bla6g5pjbu51gu8qe8of1v2o,1,0,2,2,,"http://sns-webpic-qc.xhscdn.com/202511172344/111942d1be49486486831589d9b4aa57/spectrum/1040g0k031964gmuk4g005pjbu51gu8qep6ehlcg!nd_dft_wlteh_jpg_3,http://sns-webpic-qc.xhscdn.com/202511172344/8278bb65acb5b0c5a5518fb0474e1c95/spectrum/1040g0k031964n6uj4g005pjbu51gu8qelpcnvlg!nd_dft_wlteh_jpg_3","父母与孩子,孩子教育",1763394372116,https://www.xiaohongshu.com/explore/6714f458000000002401a192?xsec_token=ABRSdDiuCTSUzpHo0bRm583L0vAbHCZnW-lvysSEUpXYc=&xsec_source=pc_search,血观音 母女,ABRSdDiuCTSUzpHo0bRm583L0vAbHCZnW-lvysSEUpXYc=
691ae4b700000000050026e2,normal,《血观音》里，为什么当所有人都知道棠宁和棠真是母女时，她们仍保持姐妹关系？#血观音[话题]# #我的人生电影[话题]#,《血观音》里，为什么当所有人都知道棠宁和棠真是母女时，她们仍保持姐妹关系？#血观音[话题]# #我的人生电影[话题]#,,1763370167000,1763370168000,6621c5bc000000000d025585,看那远山,https://sns-avatar-qc.xhscdn.com/avatar/1040g2jo31nhd8bgp5i6g5ph1omu3clc5cdpbsh8,5,3,0,0,广东,"http://sns-webpic-qc.xhscdn.com/202511172344/279ec150bb8cb6f437451b5497d72765/notes_pre_post/1040g3k831ovsmdmmhoa05ph1omu3clc5b9u45v0!nd_dft_wgth_jpg_3,http://sns-webpic-qc.xhscdn.com/202511172344/47cf704cc99596e9f2cb75c11d289242/notes_pre_post/1040g3k831ovsmdmmho7g5ph1omu3clc5ub2rucg!nd_dft_wgth_jpg_3","血观音,我的人生电影",1763394372119,https://www.xiaohongshu.com/explore/691ae4b700000000050026e2?xsec_token=ABhnYmXj3r0zO_FzWUwo2ivajbHvWYSPdx1PjqafXCS4M=&xsec_source=pc_search,血观音 母女,ABhnYmXj3r0zO_FzWUwo2ivajbHvWYSPdx1PjqafXCS4M=
66a65889000000000503ba0d,normal,《血观音》,这母女仨演技都太炸裂了#悬疑电影[话题]# #电影分享[话题]# #悬疑片[话题]# #电影[话题]#,,1722177673000,1722177673000,613f708300000000020275f6,momo,https://sns-avatar-qc.xhscdn.com/avatar/1000g2jo2obb5vk8jq0005o9ve21gktfmare09g0,1,0,0,0,,"http://sns-webpic-qc.xhscdn.com/202511172344/3682feeb50e72d93888e9b1fcb186728/1040g2sg315q41gda2ocg5o9ve21gktfmjkpl5io!nd_dft_wgth_jpg_3,http://sns-webpic-qc.xhscdn.com/202511172344/630b419b1e0db3ecc935c2ad12eb93ac/1040g2sg315q41gda2od05o9ve21gktfmu22562g!nd_dft_wgth_jpg_3,http://sns-webpic-qc.xhscdn.com/202511172344/9ad347c4577722c891d87c27fb13fa62/1040g2sg315q41gda2odg5o9ve21gktfm17nvipg!nd_dft_wgth_jpg_3,http://sns-webpic-qc.xhscdn.com/202511172344/0f8ad5fe84fd4d606dd189212c74bb7e/1040g008315q4hl252o005o9ve21gktfmi43of4o!nd_dft_wgth_jpg_3","悬疑电影,电影分享,悬疑片,电影",1763394372123,https://www.xiaohongshu.com/explore/66a65889000000000503ba0d?xsec_token=ABpP8PJuZVFw9tmaCkIqc5HukJUyDGnB1zZNCKPhPHG0s=&xsec_source=pc_search,血观音 母女,ABpP8PJuZVFw9tmaCkIqc5HukJUyDGnB1zZNCKPhPHG0s=
67e7847c000000000900d531,normal,血观音观感,棠宁和棠真在海边分别的时候，棠宁不放手棠真无法相信她的母爱是真的，放手了棠真以后再也得不到这样的母爱了。无论选择是什么，棠真的未来注定是无爱的,,1743225980000,1743225980000,5e0daa8a0000000001001d4f,今天去哪里啊,https://sns-avatar-qc.xhscdn.com/avatar/5e0daa8a0000000001001d4f.jpg,0,0,0,0,,http://sns-webpic-qc.xhscdn.com/202511172344/30c248ba0eae87e5e0d15159c75350c9/1040g2sg31fjp59pe00dg5ngdla5087afbodrugg!nd_dft_wlteh_jpg_3,,1763394372125,https://www.xiaohongshu.com/explore/67e7847c000000000900d531?xsec_token=AB_joqdx6nYHqcvdEb9Djsbc84-Clbg8qCHXHd8NIuG_4=&xsec_source=pc_search,血观音 母女,AB_joqdx6nYHqcvdEb9Djsbc84-Clbg8qCHXHd8NIuG_4=
65e32869000000000102a89b,normal,所以夫人啊，你一定要长命百岁 万年富贵,"长命百岁，万年富贵
在片尾也能成为一种恶毒的诅咒
整个片子都好阴郁啊
有一种湿哒哒、不舒服的氛围
母与子关系的扭曲
#血观音[话题]# #影片[话题]# #电影观后感[话题]# #电影推荐[话题]#",,1709385834000,1709386266000,5df7394c000000000100acb8,Kirei,https://sns-avatar-qc.xhscdn.com/avatar/1040g2jo31gs5djink2005nfn75609b5o2ocia7g,0,0,0,0,,"http://sns-webpic-qc.xhscdn.com/202511172344/24bc022bdfd42b213382da1dd76241cd/1040g00830vrgtk56m0005nfn75609b5o0c8bnn0!nd_dft_wgth_jpg_3,http://sns-webpic-qc.xhscdn.com/202511172344/e54f6268169065da9022ee2794e1387e/1040g00830vrgtk56m00g5nfn75609b5ov890opg!nd_dft_wgth_jpg_3,http://sns-webpic-qc.xhscdn.com/202511172344/ede50126d0e916bc722f95175990e647/1040g00830vrgtk56m0105nfn75609b5onqpvsug!nd_dft_wgth_jpg_3,http://sns-webpic-qc.xhscdn.com/202511172344/8c764906cead315d09d692b87e9e1789/1040g00830vrgtk56m01g5nfn75609b5ov846f08!nd_dft_wgth_jpg_3,http://sns-webpic-qc.xhscdn.com/202511172344/8b294cf630f69bcb78bbfd4d6ee1c874/1040g00830vrgtk56m0205nfn75609b5of29mpmo!nd_dft_wgth_jpg_3,http://sns-webpic-qc.xhscdn.com/202511172344/f729e92be3847b89f615b3ce8df2111a/1040g00830vrgtk56m02g5nfn75609b5om14vv9g!nd_dft_wgth_jpg_3,http://sns-webpic-qc.xhscdn.com/202511172344/d5918132c3ab0c7f11b30432b52bdb5a/1040g00830vrgtk56m0305nfn75609b5o0a3sato!nd_dft_wgth_jpg_3","血观音,影片,电影观后感,电影推荐",1763394372129,https://www.xiaohongshu.com/explore/65e32869000000000102a89b?xsec_token=AB20bQ0A5-EofZq8d-pnvFigxet1rmk540r3aaaXyakwQ=&xsec_source=pc_search,血观音 母女,AB20bQ0A5-EofZq8d-pnvFigxet1rmk540r3aaaXyakwQ=
64e20313000000000c0358a9,normal,🎞️ weekend movie time,"《血观音》
观音本慈悲，欲望染血色。
🥀和蔼的棠月影，堕落的棠宁，天真的棠真，母女三人生活看似光鲜亮丽，实则不然……
🥩棠月影狠毒老辣，棠真渴望真心，心中胆怯却也手举屠刀，唯独最是行为无度的棠宁，反而是保留着善性的人，她们互相配合在钱权之间周旋……
🍺正个影片色调忧郁深沉，妆容精致，内容露骨，每个人都在这种环境中挣扎沉沦，除了慨叹人性的黑暗，让我也不禁更加向往生命中的真挚和感动……",,1692533523000,1692533523000,5c0f693900000000050309c8,山月微澜,https://sns-avatar-qc.xhscdn.com/avatar/1040g2jo31baccrnnne6g4buvrbkji2e8fo48pv0,0,0,0,0,,"http://sns-webpic-qc.xhscdn.com/202511172344/caa0bb981d36ae58ce7a0e81ead9e3a2/1040g00830o0d3qbkhm6g4buvrbkji2e8o3ubd5g!nd_dft_wlteh_jpg_3,http://sns-webpic-qc.xhscdn.com/202511172344/e92dda373e9dfc1eee769c3d9cb88793/1040g00830o0d3qbkhm504buvrbkji2e84mm66bo!nd_dft_wlteh_jpg_3,http://sns-webpic-qc.xhscdn.com/202511172344/47709b6707b16aaa99cb301326318b56/1040g00830o0d3qbkhm404buvrbkji2e8p85uqo0!nd_dft_wlteh_jpg_3,http://sns-webpic-qc.xhscdn.com/202511172344/aa25bca5cde897fa22ec4a1e7a0445ea/1040g00830o0d3qbkhm4g4buvrbkji2e8928vatg!nd_dft_wlteh_jpg_3",,1763394372131,https://www.xiaohongshu.com/explore/64e20313000000000c0358a9?xsec_token=AB2RngncsrbAm94hXRY1e6pdv33B_KUfzP8BZ0zdd_qRs=&xsec_source=pc_search,血观音 母女,AB2RngncsrbAm94hXRY1e6pdv33B_KUfzP8BZ0zdd_qRs=
69176d5d0000000004021d99,normal,血观音,"这几年最爱的电影，没有之一，刷了不知道多少遍。
	
金钱与权利，让棠家祖孙三代成了欲望的奴隶。
	
唯一的正常的，居然是最为放纵的棠二，她清醒的看着自己成为母亲的工具，她是有能力反抗的，却只能借毒色消愁，也许是因为她曾经感受过母亲的真心，也许是她能理解家道中落下母亲的不易。棠二最后一次反抗，也只是为了自己的女儿棠三，可惜棠三并不接受这种畸形的母爱。棠二明知会死却仍然要上那艘船，也许是为了解脱，也许是为了给女儿棠三证明自己是真的爱她。
	
棠夫人对棠二有爱吗？那点真心可能早已湮没在丈夫早逝的阴影里，捡起女儿递来的药盒时，她应该也后悔过吧。在炸死女儿之前，她给过机会的，那通电话已经明示棠二哪怕上船离开也上不了岸，但迟来的真心有什么用呢，棠二一心解脱。
	
棠三从小就憎恨自己放荡的真正的母亲棠二，认为是她给自己的生命带来阴影，因此和祖母棠夫人站在了一起。畸形的环境让她对畸形的对象产生好感，甚至为了这种畸形的爱情摧毁了唯一的友情，虽然友情本身也是畸形的。最后畸形的爱情并没有拯救她，想要拯救她的母亲却被畸形的亲情杀死。
	
每个人都是恶人，但每个人都有必须要作恶的理由。
细糠啊。
#血观音[话题]#",,1763143005000,1763143006000,56c473204775a73197f938b0,深圳第一绝美性感母蟑螂,https://sns-avatar-qc.xhscdn.com/avatar/56c473204775a73197f938b0.jpg,0,0,0,0,广东,http://sns-webpic-qc.xhscdn.com/202511172344/035d088bc5fc1cd0be3129dff9cea293/notes_pre_post/1040g3k031osi8b101o0045l3tipi0e5g3mf1msg!nd_dft_wlteh_jpg_3,血观音,1763394372134,https://www.xiaohongshu.com/explore/69176d5d0000000004021d99?xsec_token=ABN_sKXqrDu8YgyyqwVw3w2VH_MISuPkFw1lkdgXoOlMw=&xsec_source=pc_search,血观音 母女,ABN_sKXqrDu8YgyyqwVw3w2VH_MISuPkFw1lkdgXoOlMw=
65d3b1ed000000000b00cc43,normal,周末看电影 血观音,完整版只能晚上看，因为白天会马上被消失，于是我熬到半小时前。这半小时都在原地消化电影。妈的看到中间想点烟就出现了“抽烟奶会干掉，喝酒会变疯婆”的台词……艹……又默默把抽出来的烟默默地放回去了……🙄 ​​​ #母女三代的恶[话题]##血观音[话题]# #电影分享[话题]#,,1708372461000,1708525337000,597843e36a6a6956371d275e,悠人Jasmine,https://sns-avatar-qc.xhscdn.com/avatar/1040g2jo30vc59glslg4g49mr7d1u69qu7id9i80,0,0,0,0,,http://sns-webpic-qc.xhscdn.com/202511172344/1f2b25796740423535811c704c633f5a/1040g2sg30vcdmruolk6049mr7d1u69qur6jev20!nd_dft_wlteh_jpg_3,"母女三代的恶,血观音,电影分享",1763394372137,https://www.xiaohongshu.com/explore/65d3b1ed000000000b00cc43?xsec_token=ABUcTcx-TJoUHcwuyD1Y6jDKT0BJv8Udl35TciZOJJv90=&xsec_source=pc_search,血观音 母女,ABUcTcx-TJoUHcwuyD1Y6jDKT0BJv8Udl35TciZOJJv90=
6291fc990000000001028948,normal,好心疼棠宁,海棠夫人在车上和棠真说“最先和解的人，不是怕输，是因为珍惜。”看似是在和棠真说，实际上让人一下就想起了棠宁。她明知母亲对她的利用，却又一次一次妥协，在她心里还是非常珍惜和渴求母爱的。#血观音[话题]##电影[话题]#,,1653734553000,1653734651000,6034d5f70000000001006927,吃一口菜菜,https://sns-avatar-qc.xhscdn.com/avatar/645c7fe1d770bfdfbcd6364e.jpg,0,0,0,0,,http://sns-webpic-qc.xhscdn.com/202511172344/296e9d3f31449cb66a391567272a0887/01025s01koenuqp7lev01143lxvdjdqvzu!nd_dft_wgth_jpg_3,"血观音,电影",1763394372139,https://www.xiaohongshu.com/explore/6291fc990000000001028948?xsec_token=ABowHvU95F5lkM0MXLsWIexyxlumCuXux1zFupY0C_x0M=&xsec_source=pc_search,血观音 母女,ABowHvU95F5lkM0MXLsWIexyxlumCuXux1zFupY0C_x0M=
61bb1fbc000000002103cc78,normal,台湾女性权谋悬疑片，全程又爽又黑暗啊啊😭,"吸了权欲的烟，休想借药片安眠🚬
民俗奇情
政商逸闻
妖异吊诡
人性黑暗
情欲权谋
人伦道德
这部电影真的看起来让人起鸡皮疙瘩，又爽又过瘾又很瘆人‼️
全片没有废话，连唱曲都带着吊诡的味道🌚。
	
全员恶人，一方面看着主角们的狠心、恶毒，对于人伦道德沦丧感到震惊🤔，一方面又觉得很爽🙃，利益权谋，运筹于帷幄之中，女主们又恶毒又很飒怎么回事，仿佛是台湾女性版《纸牌屋》❓
	
🎬电影名：《血观音》
🔍Tag：悬疑 权谋 女性群像
	
✨
棠府有三个女人，棠夫人，大小姐棠宁，二小姐棠真。
	
棠夫人表面是一个古董商人，其实是一个政治掮客，她作为中间人，促成了很多肮脏的权钱交易💰。又一处土地开发计划即将展开，得到消息的棠夫人联系起各个政商名流准备大赚一笔。然而棠夫人并非只想赚些中间费，一盘更大的棋隐藏背后。
小女儿棠真的真实身份是什么？为何又突发灭门凶sha案🩸？
	
✨
整个电影细节处理让人头皮发麻😶，所有剧情都有一种隐忍收敛的处理，全员恶女💥，表面谈笑风生风轻云淡，其实背后一个个都是狼人，手段残忍，步步相扣啊啊啊啊啊
	
✨
女性群像真的太好看了！！！
惠英红、吴可熙、文淇三位演员演技和表现力都让人惊叹！！！
当年一举获得金马奖最佳剧情片、最佳女演员、最佳女配角👸希望以后能看到更多优秀的女演员🙌
	
✨Tips：18🈲️
	
#悬疑[话题]# #电影[话题]# #烧脑悬疑剧[话题]# #金马奖[话题]# #女性[话题]#",,1639653308000,1639654326000,5ee3641100000000010072de,困困狗看电影,https://sns-avatar-qc.xhscdn.com/avatar/6184b01772705bf6cd479d86.jpg,1千+,1千+,10+,10+,,"http://sns-webpic-qc.xhscdn.com/202511172345/48845aa8ce2645822d333326d4ad45f0/e0edc761-6535-39df-91e2-a7033816e1e2!nd_dft_wlteh_jpg_3,http://sns-webpic-qc.xhscdn.com/202511172345/e773214bcfa9405d61cff0eeb27ca3ae/87ffb582-0d89-3d0d-8289-7e8b2503094d!nd_dft_wlteh_jpg_3,http://sns-webpic-qc.xhscdn.com/202511172345/88ce9d8c27f927c2ef83e65b8868fec3/09d5a750-01e3-3f39-92cb-dbfdb559eaf9!nd_dft_wlteh_jpg_3,http://sns-webpic-qc.xhscdn.com/202511172345/4ed1bb7bc3fc3680a4e52d3f714cba39/c86123a7-0327-3d53-a98f-a2c6ceeb4c77!nd_dft_wlteh_jpg_3,http://sns-webpic-qc.xhscdn.com/202511172345/d01ae9d5d9679342610567e7caeaf1ed/9fd11ced-ded7-385f-b1af-1b4f855b5b23!nd_dft_wgth_jpg_3,http://sns-webpic-qc.xhscdn.com/202511172345/9f9a361723175e77df0fe0c1bc739666/c127c1c8-2458-3ba9-9076-469367c49cd4!nd_dft_wlteh_jpg_3,http://sns-webpic-qc.xhscdn.com/202511172345/8d9c9105f25c759f7f150da231832f74/4323d8dd-dadc-32ea-bfe6-30665b1ae332!nd_dft_wlteh_jpg_3,http://sns-webpic-qc.xhscdn.com/202511172345/2183fe44b0867736038300e9afda16d9/b42d9b23-b610-3674-8547-580599dd9de6!nd_dft_wlteh_jpg_3,http://sns-webpic-qc.xhscdn.com/202511172345/19833f6502dadd2faa61f9468f9ce62f/4a64c6b4-d4eb-3b56-83d1-6a3be602f915!nd_dft_wlteh_jpg_3","悬疑,电影,烧脑悬疑剧,金马奖,女性",1763394372142,https://www.xiaohongshu.com/explore/61bb1fbc000000002103cc78?xsec_token=ABia178E4QG4D2XHgBuZpKse6cTY-1hXzMdodia80EL98=&xsec_source=pc_search,血观音 母女,ABia178E4QG4D2XHgBuZpKse6cTY-1hXzMdodia80EL98=
617fcea90000000001007697,video,灭门、杀女、计中计！一家三女的狠毒大戏/3,今天我们来聊聊由惠英红、文淇、吴可熙主演的惊悚悬疑佳作，《血观音》。,http://sns-video-bd.xhscdn.com/spectrum/9e238dd1b058a9b76a450022266e8ead759965c0,1635765929000,1635765929000,5c8668250000000012025bfc,大象放映室,https://sns-avatar-qc.xhscdn.com/avatar/603daec29e6c6a00fa541db6.jpg,1千+,1千+,10+,10+,,http://sns-webpic-qc.xhscdn.com/202511172345/f4b2cfd6858f2c6bdaf5fe2623188ce0/spectrum/c67620060a0f1789b18586d488582bb209ea12d9!nd_dft_wlteh_jpg_3,,1763394372145,https://www.xiaohongshu.com/explore/617fcea90000000001007697?xsec_token=ABQGj2dp2l72owdFeatznhIsTPH6ePF9IOs3o62M6tlE0=&xsec_source=pc_search,血观音 母女,ABQGj2dp2l72owdFeatznhIsTPH6ePF9IOs3o62M6tlE0=
68e523d7000000000700a54e,video,《血观音》，从被害者到“血观音”的加冕。,《血观音》，从被害者到“血观音”的加冕。,http://sns-video-bd.xhscdn.com/pre_post/1040g2t031nbcdpbn4ulg5pq291mn39o32r3hi90,1759847383000,1759847383000,6742486d000000001c01a703,一条鱼🐟,https://sns-avatar-qc.xhscdn.com/avatar/1040g2jo31ncobv52lm0g5pqlq2on3130nplorug,1千+,10+,10+,10+,,http://sns-webpic-qc.xhscdn.com/202511172345/eee962440146ce562c10ba5fc4063115/1040g00831nbcdpbhl20g5pq291mn39o37em5sgg!nd_dft_wlteh_jpg_3,,1763394372149,https://www.xiaohongshu.com/explore/68e523d7000000000700a54e?xsec_token=ABZLBIzjYLyRHTEgo6GbIF_OMQv-khqEfC3Qf24Mpotd0=&xsec_source=pc_search,血观音 母女,ABZLBIzjYLyRHTEgo6GbIF_OMQv-khqEfC3Qf24Mpotd0=
617fcf7a0000000001003f8f,video,灭门、杀女、计中计！一家三女的狠毒大戏/2,今天我们来聊聊由惠英红、文淇、吴可熙主演的惊悚悬疑佳作，《血观音》。,http://sns-video-bd.xhscdn.com/spectrum/0b2efaea0cb21c8d6bc1ba84cb0cb669a6388ea6,1635766138000,1635766139000,5c8668250000000012025bfc,大象放映室,https://sns-avatar-qc.xhscdn.com/avatar/603daec29e6c6a00fa541db6.jpg,1千+,1千+,10+,10+,,http://sns-webpic-qc.xhscdn.com/202511172345/9a47fe23b3c88d2fd6ddd13c929caa9f/spectrum/3a1a32e860f8043f7da691111b41f73df6c76bf3!nd_dft_wlteh_jpg_3,,1763394372153,https://www.xiaohongshu.com/explore/617fcf7a0000000001003f8f?xsec_token=ABQGj2dp2l72owdFeatznhIh4X_KvoxW39MKnM5rxoIAM=&xsec_source=pc_search,血观音 母女,ABQGj2dp2l72owdFeatznhIh4X_KvoxW39MKnM5rxoIAM=
67a099da0000000029016e87,video,「1」全员恶女的「妇仇者联盟」怎样炼成的,"深度拉片《血观音》，第一期先来看看电影讲了怎样的故事。
﻿#红薯地影视狂飙季[话题]#﻿ ﻿#血观音[话题]#﻿ ﻿#惠英红[话题]#﻿ ﻿#文淇[话题]#﻿ ﻿#视听语言[话题]#﻿ ﻿#审美积累[话题]#﻿ ﻿#拉片[话题]#﻿",http://sns-video-bd.xhscdn.com/spectrum/1040g0jg31deer16i08005nvld63g8tnee1poioo,1738578394000,1738583147000,5ff5698700000000010076ee,东东爆破,https://sns-avatar-qc.xhscdn.com/avatar/1040g2jo30smsn6nqjs005nvld63g8tne12se49o,1千+,1千+,10+,10+,,http://sns-webpic-qc.xhscdn.com/202511172345/56ce91e758833001bf698f24754c9603/spectrum/1040g34o31dees6fo0c005nvld63g8tnepf44rpg!nd_dft_wlteh_jpg_3,"红薯地影视狂飙季,血观音,惠英红,文淇,视听语言,审美积累,拉片",1763394372155,https://www.xiaohongshu.com/explore/67a099da0000000029016e87?xsec_token=ABXW0NTFdpOrUKKFkTIrgoUvvEdT2t6sk7CvgAHeUhJQc=&xsec_source=pc_search,血观音 母女,ABXW0NTFdpOrUKKFkTIrgoUvvEdT2t6sk7CvgAHeUhJQc=
613cc3f10000000001024d68,normal,小众限制级｜《血观音》：2017年最脏的女人戏,"#我是国风守护人[话题]# #笔记灵感[话题]#
💗—评论“胶片DNA”获取电影资源 关注优先
豆瓣评分：8.5       好于 96% 悬疑片 好于 90% 剧情片
导演: 杨雅喆 编剧: 杨雅喆
主演: 惠英红 / 吴可熙 / 文淇 等
类型: 剧情 / 悬疑  制片国家/地区: 中国台湾
又名: 修罗花 / The Bold, the Corrupt, and the Beautiful
🖤🤍
常说“三个女人一台戏”，在这部电影中，棠家的三个女人上演了表面上其乐融融，私下机关算尽的一场好戏。
.
惠英红扮演的棠夫人是曾在缅甸作战的国民党老将军遗孀，是棠家的当家人；大女儿棠宁（吴可熙 饰）像只八面玲珑的刺猬，为求母亲肯定，勉力配合；小女儿棠真（文淇 饰）性格乖巧，唯母命是从。
.
宗教元素贯穿全片，反讽了人间的罪恶和欲念。观音本象征慈悲，但在前面加上有血腥、肃杀含义的“血”字，象征了棠夫人表面慈眉善目、内里残暴凶恶的双面人形象。
🤍🖤
经典台词：
（1）对，我是公主命，我是丫鬟身。
.
（2）我跟你讲啊，我们公务员拿国家的薪水，绝对不能循私苟且。 …… 咱们棠家一向很念旧，现在只是请你暂时收留一下菩萨，只要过一段时间，弥陀计划落点拍板，到时你再把他送回来，这菩萨就升官成佛了。
.
（3）反正我是废了是吗？妈，我是不是你的名牌包，从小让你拎在身上到处去展示，现在旧了你就换一个新的对吗？你好厉害啊，把我女儿都变成我妹妹了。
.
（4）我们到了这个年纪，什么都看淡了，可是，心里面没有狠过一回，哪儿来的淡呢？
.
🖤🤍
《血观音》是一个关于控制的故事，是棠夫人作为母亲，对两名“女儿“的人生操纵，也是在政治舞台上，强者对弱者的利益控制。（《头条日报》评）
该片堪称每一秒都信息过量，冲突、情欲和暴力应接不暇，基本不留空间给观众喘息，这其实也是导演刻意的。片中错综复杂的人物和线索，勾心斗角的黑幕，还有尔虞我诈的扭曲情感，以及毒苹果的寓义，都被导演杨雅喆把玩得得心应手   。（《南方都市报》评）
.
🖤🤍每日更新，欢迎关注
#电影[话题]# #电影推荐[话题]# #悬疑[话题]# #惊悚[话题]# #观音[话题]# #血[话题]# #惠英红[话题]# #文淇[话题]# #家庭[话题]# #电影截图[话题]# #周末看电影[话题]#",,1631372273000,1631866026000,5b40d732e8ac2b160ebaf5da,胶片DNA,https://sns-avatar-qc.xhscdn.com/avatar/612f514397aa9c4aaf7dff5a.jpg,1千+,1千+,10+,10+,,"http://sns-webpic-qc.xhscdn.com/202511172345/7875e54f008acea45fc57148b95c8e5f/d4462f5c-ea42-3ca3-9704-9df1f64151ef!nd_dft_wlteh_jpg_3,http://sns-webpic-qc.xhscdn.com/202511172345/428bf5e6463d485c97b38222625c4068/df32db22-f50b-34a1-a1cf-847f5b9bc1a8!nd_dft_wlteh_jpg_3,http://sns-webpic-qc.xhscdn.com/202511172345/0c37180aa3bbd9e4e41bab7105c5b027/f8918e57-537c-386b-9670-d87174b7e657!nd_dft_wlteh_jpg_3,http://sns-webpic-qc.xhscdn.com/202511172345/58650041bb41374b4202dc55798c0575/2d651263-d8b3-38a5-8f58-1a2aa22bc808!nd_dft_wlteh_jpg_3","我是国风守护人,笔记灵感,电影,电影推荐,悬疑,惊悚,观音,血,惠英红,文淇,家庭,电影截图,周末看电影",1763394372159,https://www.xiaohongshu.com/explore/613cc3f10000000001024d68?xsec_token=ABUQwmG9ga6NO5KEfSnWXBP0roYRFsICJTuW6igD21o7s=&xsec_source=pc_search,血观音 母女,ABUQwmG9ga6NO5KEfSnWXBP0roYRFsICJTuW6igD21o7s=
685a4f2a0000000011002fd0,normal,看了电影血观音后的感受,#血观音[话题]#,,1750748970000,1750748970000,67e0ec44000000000601cf8e,丁当叮,https://sns-avatar-qc.xhscdn.com/avatar/1040g2jo31oaqgubk526g5pv0th21jjsearvilbo,1千+,10+,10+,10+,,"http://sns-webpic-qc.xhscdn.com/202511172345/440a8537dfd45d75ede155c1ea721fb1/notes_pre_post/1040g3k031j3scr031i605pv0th21jjsed8cj588!nd_dft_wlteh_jpg_3,http://sns-webpic-qc.xhscdn.com/202511172345/35ccb6835256524be5e4162b86ce2000/notes_pre_post/1040g3k031j3scr2c0o605pv0th21jjse2qhctko!nd_dft_wgth_jpg_3,http://sns-webpic-qc.xhscdn.com/202511172345/71254d846141d1a1b39b9a2407766edd/notes_pre_post/1040g3k031j3scr2c0o6g5pv0th21jjsem1inbto!nd_dft_wgth_jpg_3,http://sns-webpic-qc.xhscdn.com/202511172345/372539d5dd01148e0ac47bcaeba2ef5b/notes_pre_post/1040g3k031j3scr131i7g5pv0th21jjse0n8m1hg!nd_dft_wlteh_jpg_3",血观音,1763394372162,https://www.xiaohongshu.com/explore/685a4f2a0000000011002fd0?xsec_token=ABD1EjXy9AZama6aYBXaVTLlFjh2tFrBHbX77WbSoVP84=&xsec_source=pc_search,血观音 母女,ABD1EjXy9AZama6aYBXaVTLlFjh2tFrBHbX77WbSoVP84=
67ac837b000000002902ed80,video,「7」棋子的价值，就是被吃掉！,第七期，深度拉片《血观音》，棠宁美色诱惑，小清流中招！！！ ﻿#红薯地影视狂飙季[话题]#﻿  ﻿#血观音[话题]#﻿  ﻿#惠英红[话题]#﻿  ﻿#文淇[话题]#﻿  ﻿#审美积累[话题]#﻿  ﻿#拉片[话题]#﻿ ﻿#视听语言[话题]#﻿ ﻿,http://sns-video-bd.xhscdn.com/spectrum/1040g35831dq533qg080g5nvld63g8tnedhn66v8,1739359099000,1739359099000,5ff5698700000000010076ee,东东爆破,https://sns-avatar-qc.xhscdn.com/avatar/1040g2jo30smsn6nqjs005nvld63g8tne12se49o,1千+,10+,10+,10+,,http://sns-webpic-qc.xhscdn.com/202511172345/f6b6be917589c3bf99841a92c54db587/spectrum/1040g34o31dq4l9g1080g5nvld63g8tneffeeg2g!nd_dft_wlteh_jpg_3,"红薯地影视狂飙季,血观音,惠英红,文淇,审美积累,拉片,视听语言",1763394372165,https://www.xiaohongshu.com/explore/67ac837b000000002902ed80?xsec_token=ABZqHcapmPDroinyEbuZ20NFq_uLQ0IsLinB-qM4bGusQ=&xsec_source=pc_search,血观音 母女,ABZqHcapmPDroinyEbuZ20NFq_uLQ0IsLinB-qM4bGusQ=
690edfe800000000040072ef,video,灭门惨案，冷血动物，太敢拍了,1.2万字拆解台湾最黑暗的“政治大戏”「血观音」#血观音[话题]# #豆瓣高分[话题]# #悬疑电影[话题]# #电影解说[话题]# #悬疑片[话题]# #悬疑惊悚[话题]# #文淇[话题]# #惠英红[话题]#,http://sns-video-bd.xhscdn.com/spectrum/1040g35831ok252a3kq105ogv7tn8dd5779gpoj8,1762582504000,1762582504000,621f3f6e000000002102b4a7,太和的房间,https://sns-avatar-qc.xhscdn.com/avatar/6237e15050e955c602af33be.jpg,1千+,10+,10+,10+,北京,http://sns-webpic-qc.xhscdn.com/202511172346/18cb3e8f57594d7b998d07e5cd738137/spectrum/1040g0k031ok265i7l2005ogv7tn8dd57jn1dc58!nd_dft_wlteh_jpg_3,"血观音,豆瓣高分,悬疑电影,电影解说,悬疑片,悬疑惊悚,文淇,惠英红",1763394372167,https://www.xiaohongshu.com/explore/690edfe800000000040072ef?xsec_token=ABrVMTPeVvjWsqnXzKJVO35SdEimVsJcjIYDSvhY0zt5Y=&xsec_source=pc_search,血观音 母女,ABrVMTPeVvjWsqnXzKJVO35SdEimVsJcjIYDSvhY0zt5Y=
656ea39e0000000009027d3f,normal,电影《血观音》背后血淋淋的真相，后劲极大,"“世界上最可怕的不是眼前的刑罚，而是那无爱的未来.”
🎬片名：血观音
本篇主要内容是梳理剧情的部分细节和角色理解（主要是棠夫人棠宁棠真）
⚠️涉及剧透
🌟万物皆可MBTI
棠畲月影:（ENTJ）雍容华贵，能屈能伸，人面蛇心。
棠真:（INTJ）深藏不露，稚嫩可爱，从来不真。
棠宁:（ESFP）桀骜不逊，游戏人间，一生不宁。
#万物皆可MBTI[话题]# #电影[话题]# #情感[话题]# #MBTI16型人格[话题]# #电影推荐[话题]# #小红书[话题]#",,1701749662000,1701749663000,5b7b870218fec80001f19885,小星晚晚,https://sns-avatar-qc.xhscdn.com/avatar/635d609abbc7ddab7c5b1891.jpg,1千+,10+,10+,10+,,"http://sns-webpic-qc.xhscdn.com/202511172346/05986e320ba6e771fdabb9f5314f46e7/1040g00830s9nmtpkis004ahe6f3g5645n92g0i0!nd_dft_wlteh_jpg_3,http://sns-webpic-qc.xhscdn.com/202511172346/0551e6714c24d6a0ac09cb03fbb35614/1040g00830s9nmtpkis0g4ahe6f3g564519o8pmo!nd_dft_wlteh_jpg_3,http://sns-webpic-qc.xhscdn.com/202511172346/0d34ad218499e1ac29e2587255c063aa/1040g00830s9nmtpkis104ahe6f3g56457pfsme8!nd_dft_wlteh_jpg_3,http://sns-webpic-qc.xhscdn.com/202511172346/484100c685b0689eb7d3baf2d33e69e1/1040g00830s9nmtpkis1g4ahe6f3g5645hjg8gs0!nd_dft_wlteh_jpg_3,http://sns-webpic-qc.xhscdn.com/202511172346/cfb610013810f137bd38bfe74d79ccca/1040g00830s9nmtpkis204ahe6f3g564557retug!nd_dft_wlteh_jpg_3,http://sns-webpic-qc.xhscdn.com/202511172346/e781848acbc8f5f33242c1c5c7856315/1040g00830s9nmtpkis2g4ahe6f3g5645rf06av8!nd_dft_wlteh_jpg_3,http://sns-webpic-qc.xhscdn.com/202511172346/ae71d8a9a6593dd17e1b51b5dce1d6a7/1040g00830s9nmtpkis304ahe6f3g5645m2v2p1g!nd_dft_wlteh_jpg_3,http://sns-webpic-qc.xhscdn.com/202511172346/6521ec6d12ec03fb67cdc887d20c30d9/1040g00830s9nmtpkis3g4ahe6f3g5645g3h9kdo!nd_dft_wlteh_jpg_3,http://sns-webpic-qc.xhscdn.com/202511172346/ff7fafd1a907f13c8cbe7e2f1f70b861/1040g00830s9nmtpkis404ahe6f3g5645s0fdpig!nd_dft_wlteh_jpg_3,http://sns-webpic-qc.xhscdn.com/202511172346/4158b9ffcea2302a269ecc7d6b546e53/1040g00830s9nmtpkis4g4ahe6f3g5645v5don6g!nd_dft_wlteh_jpg_3","万物皆可MBTI,电影,情感,MBTI16型人格,电影推荐,小红书",1763394372169,https://www.xiaohongshu.com/explore/656ea39e0000000009027d3f?xsec_token=ABMz-zdDYsKla_hA4JJS1blmluCRCYVzACS5GYbKdhPRg=&xsec_source=pc_search,血观音 母女,ABMz-zdDYsKla_hA4JJS1blmluCRCYVzACS5GYbKdhPRg=
