comment_id,create_time,ip_location,note_id,content,user_id,nickname,avatar,sub_comment_count,pictures,parent_comment_id,last_modify_ts,like_count
62ab2999000000001302c657,1655384473000,,62ab2985000000002103b438,定期更新悬疑好剧，走过路过不要错过哦[喝奶茶R],5f16e8e2000000000101e6be,不冷不热（推剧）,https://sns-avatar-qc.xhscdn.com/avatar/1040g2jo31nruniqh5m605nomt3h0bplugs0rtro?imageView2/2/w/120/format/jpg,1,,0,1763393711757,38
62abb46c00000000210071a2,1655420012000,,62ab2985000000002103b438,有任何一个人没看过血观音我都会失望的ok？[生气R],5a93f9eb4eacab14c9e5e549,玫瑰落在月光上,https://sns-avatar-qc.xhscdn.com/avatar/62ecdf5b3d11219e7679974e.jpg?imageView2/2/w/120/format/jpg,115,,0,1763393711763,70
62abf962000000001d0346b1,1655437666000,,62ab2985000000002103b438,刷了3次了，真的很经典,5de3fd1a0000000001003620,做人咧最紧要开心,https://sns-avatar-qc.xhscdn.com/avatar/612cbecbb4de9e47174ddccd.jpg?imageView2/2/w/120/format/jpg,17,,0,1763393711766,107
62ac2b71000000001e011773,1655450481000,,62ab2985000000002103b438,每个镜头每句话都没多余，需细细品,5837a7323460943ad92f6edf,知更的知,https://sns-avatar-qc.xhscdn.com/avatar/5d0ce6731f82f70001475ec7.jpg?imageView2/2/w/120/format/jpg,7,,0,1763393711769,61
62ac6c1f000000001302bd17,1655467039000,,62ab2985000000002103b438,在哪里可以看姐妹们,5af2c05d4eacab2fe760438a,罢了.,https://sns-avatar-qc.xhscdn.com/avatar/63f271190f2a096581164a92.jpg?imageView2/2/w/120/format/jpg,6,,0,1763393711771,0
62f080ed0000000015009c09,1659928813000,,62ab2985000000002103b438,有没有这种类型的电影啊,5c3b3c3900000000050334fc,Y.,https://sns-avatar-qc.xhscdn.com/avatar/6424d5c4a41e0aa3a67139b6.jpg?imageView2/2/w/120/format/jpg,7,,0,1763393711773,2
62edfe9c0000000012017c26,1659764380000,,62ab2985000000002103b438,emmm有点想看但是我又胆小，害怕不鸭[哭惹R][哭惹R][哭惹R][哭惹R][哭惹R],604a0b7b00000000010060cc,葱烤咸蛋黄,https://sns-avatar-qc.xhscdn.com/avatar/61fb59705f2ccb5b17f88a44.jpg?imageView2/2/w/120/format/jpg,1,,0,1763393711776,0
62abdbe9000000001e01375e,1655430121000,,62ab2985000000002103b438,想看的姐妹百度直接搜就行[暗中观察R],5f16e8e2000000000101e6be,不冷不热（推剧）,https://sns-avatar-qc.xhscdn.com/avatar/1040g2jo31nruniqh5m605nomt3h0bplugs0rtro?imageView2/2/w/120/format/jpg,5,,0,1763393711777,15
62abfc95000000001302dd6d,1655438485000,,62ab2985000000002103b438,真的巨好看,5ed627b300000000010016b5,辣子喵丁,https://sns-avatar-qc.xhscdn.com/avatar/1040g2jo31o5e1r14g6005nmm4upg85lls282vq0?imageView2/2/w/120/format/jpg,2,,0,1763393711779,0
62ac51ab00000000010252b3,1655460267000,,62ab2985000000002103b438,在哪里可以看啊,5d348fb3000000001001291b,赫尔煺,https://sns-avatar-qc.xhscdn.com/avatar/61624e99f1b293e1f9773a6f.jpg?imageView2/2/w/120/format/jpg,4,,0,1763393711782,0
62ac05390000000021036851,1655440697000,,62ab2985000000002103b438,吓人吗,5aa689ab11be106adc6e4979,用户已注销,https://sns-avatar-qc.xhscdn.com/avatar/645b6985573b2ad2b5243b1d.jpg?imageView2/2/w/120/format/jpg,2,,0,1763393716085,13
62bc51d8000000000102844f,1656508888000,,62ab2985000000002103b438,特别恐怖吗😱😱,5e062e3a000000000100169a,讨厌梨子咪,https://sns-avatar-qc.xhscdn.com/avatar/1040g2jo31bkbbrdj0e005ng65ot085kq6vdmpkg?imageView2/2/w/120/format/jpg,1,,0,1763393716089,0
62bb05930000000004003f0b,1656423827000,,62ab2985000000002103b438,好像文琪小姐姐也因为这部电影获奖了是吗[哇R],60cdc9ea000000000101fb66,了不起的大豆,https://sns-avatar-qc.xhscdn.com/avatar/1040g2jo31cvintqe0u505o6dp7l0bur61m14gj0?imageView2/2/w/120/format/jpg,1,,0,1763393716092,4
62ab4a91000000001401aa12,1655392913000,,62ab2985000000002103b438,台湾剧哪里可以看,5c8ccfb7000000001001d9a2,小 太 阳 i,https://sns-avatar-qc.xhscdn.com/avatar/1040g2jo31caku9id12005n4cpurk3md24m2t5hg?imageView2/2/w/120/format/jpg,1,,0,1763393716095,0
62af3227000000002003d8fa,1655648807000,,62ab2985000000002103b438,在哪里看,5b559c92b1da143be1a46890,Z.,https://sns-avatar-qc.xhscdn.com/avatar/602262eff811790001e91cfa.jpg?imageView2/2/w/120/format/jpg,3,,0,1763393716098,0
62f1de7d0000000014029fd7,1660018301000,,62ab2985000000002103b438,有鬼吗？,5e8dd7de00000000010068b2,小鱼欣欣,https://sns-avatar-qc.xhscdn.com/avatar/1040g2jo3192b9o895a005nkdqvf08q5iu4k2of0?imageView2/2/w/120/format/jpg,1,,0,1763393716100,0
62ad3a0a0000000001024117,1655519754000,,62ab2985000000002103b438,我怎么记得是祖孙三代，不是两姐妹啊。,5776691e82ec392d1f763bd8,娜个谁,https://sns-avatar-qc.xhscdn.com/avatar/1040g2jo314pgb6320u0048h5fekhseuo9a86mc8?imageView2/2/w/120/format/jpg,1,,0,1763393716102,0
62e527ae000000000e032412,1659185070000,,62ab2985000000002103b438,血观音我心中的神！[赞R],5c83dc7a000000001602652c,狗狗蛋,https://sns-avatar-qc.xhscdn.com/avatar/1040g2jo31ajsvf6emu605n43rht5kp9c9a2fnao?imageView2/2/w/120/format/jpg,0,,0,1763393716105,0
62b5a11e000000001401945c,1656070430000,,62ab2985000000002103b438,文琪吗,5af543cfe8ac2b55dbc4aa2b,小红薯5E0B0C6E,https://sns-avatar-qc.xhscdn.com/avatar/5af543cfe8ac2b55dbc4aa2b.jpg?imageView2/2/w/120/format/jpg,1,,0,1763393716107,2
62e0ecec000000001b0183b5,1658907884000,,62ab2985000000002103b438,长命百岁、万年富贵，是我送你最恶毒的祝愿,62d4c703000000000200119d,心专注寄宿考研机构咨询,https://sns-avatar-qc.xhscdn.com/avatar/62e22d4198501300014b9cce.jpg?imageView2/2/w/120/format/jpg,0,,0,1763393716109,0
62f25f440000000012025dad,1660051268000,,62ab2985000000002103b438,求血观音链接,59d8bd5fde5fb45337643377,sha～莎,https://sns-avatar-qc.xhscdn.com/avatar/645fbee8701f3a04c854a4c9.jpg?imageView2/2/w/120/format/jpg,0,,0,1763393720418,0
65d89a5f000000000d00d469,1708694111000,,62ab2985000000002103b438,这个真的[点赞R],5aa61a9c4eacab4b4f4d1644,.小劉同学,https://sns-avatar-qc.xhscdn.com/avatar/63fd6da90d4221e628ddc3b1.jpg?imageView2/2/w/120/format/jpg,0,,0,1763393720420,0
62e8055d000000001d03a119,1659372893000,,62ab2985000000002103b438,哪里可以看？,5c8e5099000000001101df54,🍃,https://sns-avatar-qc.xhscdn.com/avatar/1040g2jo31djlf0n8gm005n4ea2ckbnqkkkaq16g?imageView2/2/w/120/format/jpg,0,,0,1763393720423,0
62e4c3ea0000000014020b39,1659159530000,,62ab2985000000002103b438,林一家是棠夫人s的吗 没看懂[笑哭R],5aab59b94eacab3b47b2e247,全智甜,https://sns-avatar-qc.xhscdn.com/avatar/6468580441bdee136e90b7dc.jpg?imageView2/2/w/120/format/jpg,0,,0,1763393720424,1
62f79438000000001900a581,1660392504000,,62ab2985000000002103b438,她怎么又来了[笑哭R],6276411b0000000021028174,霖にし,https://sns-avatar-qc.xhscdn.com/avatar/1040g2jo31nb8se8tli5g5ojm84dod0bk8g8e9t8?imageView2/2/w/120/format/jpg,0,,0,1763393720427,0
62ed17a6000000001002a88a,1659705254000,,62ab2985000000002103b438,p4好像王小麦麦麦！[害羞R],5b0ab411e8ac2b2e2e080c9d,twilight,https://sns-avatar-qc.xhscdn.com/avatar/1040g2jo31bisbl9ah66g4a5n0jq1234tke7jqc8?imageView2/2/w/120/format/jpg,0,,0,1763393720430,0
65869c24000000001602571b,1703320612000,,62ab2985000000002103b438,惠英红演的太好了，把一个老道圆滑，心狠手辣的政商掮客演的活灵活现,54e5beb3e779895d95956ef6,啊Q小姐,https://sns-avatar-qc.xhscdn.com/avatar/5d56b603e630fc00010fe34f.jpg?imageView2/2/w/120/format/jpg,0,,0,1763393720432,3
62d406fc000000000e02ba08,1658062588000,,62ab2985000000002103b438,哪里看 求资源,554065daa46e96138aaffe97,爱秋🍂,https://sns-avatar-qc.xhscdn.com/avatar/1040g2jo316vcisfmju0040hbseitlvkn7aen2c8?imageView2/2/w/120/format/jpg,0,,0,1763393720433,0
62dfd76d000000001e00af52,1658836845000,,62ab2985000000002103b438,在哪里能看[哭惹R],58f2cc746a6a692cc6103e80,龟龟🐢,https://sns-avatar-qc.xhscdn.com/avatar/1040g2jo31imotmpn140049dcld678fk0b0kakfg?imageView2/2/w/120/format/jpg,0,,0,1763393720435,1
62e12d930000000014020a0f,1658924435000,,62ab2985000000002103b438,求求资源[哭惹R],5b7660166bd73800012d482d,会飞的生菜～,https://sns-avatar-qc.xhscdn.com/avatar/1000g2jo2r0285vkk406g4afggig1ci1du0qccvo?imageView2/2/w/120/format/jpg,0,,0,1763393720437,0
6644256900000000020000e2,1715742058000,,62ab2985000000002103b438,这个不吓人吧,5adb3a0911be104f783ba64f,樱雪曦子,https://sns-avatar-qc.xhscdn.com/avatar/1040g2jo31oror4391od04a4n4nt0j9iftlm1md0?imageView2/2/w/120/format/jpg,0,,0,1763393724784,0
67287e92000000001b0248bf,1730707091000,,62ab2985000000002103b438,看了好几遍，近年为数不多的好国产电影,59d09c6944363b3abca2754f,只若初见,https://sns-avatar-qc.xhscdn.com/avatar/62866169f9fb6fa65b4880b6.jpg?imageView2/2/w/120/format/jpg,0,,0,1763393724787,0
62f3610c000000001002b4f0,1660117260000,,62ab2985000000002103b438,血观音,61fd45010000000010005548,Bi8bo,https://sns-avatar-qc.xhscdn.com/avatar/1040g2jo30un8r3ihl6605oft8k0k0la8uj71jig?imageView2/2/w/120/format/jpg,0,,0,1763393724790,0
62bfbfa2000000000303d80c,1656733602000,,62ab2985000000002103b438,@Gone [惊恐R],5732c3cf5e87e7795fe768e9,凉拌折耳根c,https://sns-avatar-qc.xhscdn.com/avatar/1040g2jo31n5ipomh6g6g48bnbf1suq792bfgf3o?imageView2/2/w/120/format/jpg,5,,0,1763393724792,0
62ca316b000000000b025f92,1657418091000,,62ab2985000000002103b438,@風之意難平,5eae1d4e0000000001002380,.,https://sns-avatar-qc.xhscdn.com/avatar/1040g2jo30uu0ovinl4505nle3l7088s0jmuf12g?imageView2/2/w/120/format/jpg,4,,0,1763393724795,0
62b96133000000000e028002,1656316211000,,62ab2985000000002103b438,@sljhojkmmd,5e0b4eb30000000001005ac2,nini,https://sns-avatar-qc.xhscdn.com/avatar/66baf0c0abe1e6168f27d4bc.jpg?imageView2/2/w/120/format/jpg,3,,0,1763393724797,0
62ce409a000000000102bd57,1657684122000,,62ab2985000000002103b438,@蒙牛没我牛,60c60799000000000101d196,晗堡包,https://sns-avatar-qc.xhscdn.com/avatar/1040g2jo31mjuqn47mm605o660ucgbkcm87bvnqg?imageView2/2/w/120/format/jpg,3,,0,1763393724799,0
62bc71be000000000a001a9d,1656517054000,,62ab2985000000002103b438,@Cat,5a8116e011be1037e712687a,战斗口香糖,https://sns-avatar-qc.xhscdn.com/avatar/1040g2jo31ir6472qgs0g4a1dk5be0q3q6ob22ro?imageView2/2/w/120/format/jpg,1,,0,1763393724801,0
62b8f6a2000000000102d817,1656288930000,,62ab2985000000002103b438,@超人 @Jennie. @晚风,5eff1210000000000100406a,小葵sooya,https://sns-avatar-qc.xhscdn.com/avatar/1040g2jo3199gmvhml8005nnv28808g3afcmpnj8?imageView2/2/w/120/format/jpg,1,,0,1763393724804,0
62ac074b0000000014018b3b,1655441227000,,62ab2985000000002103b438,@公主 去看,5ba6d9db5376e50001d9788b,李麦er,https://sns-avatar-qc.xhscdn.com/avatar/6126679c0cc778f527b6b2ad.jpg?imageView2/2/w/120/format/jpg,1,,0,1763393724806,0
62b45d7d0000000021034dc7,1655987581000,,62ab2985000000002103b438,@恩n~ 越来越多好剧出现了,5ea6292c000000000100868c,葵葵子的小李.✨,https://sns-avatar-qc.xhscdn.com/avatar/61602f9f3403e33874a7831c.jpg?imageView2/2/w/120/format/jpg,1,,0,1763393729118,0
62b59208000000000f008909,1656066568000,,62ab2985000000002103b438,@tenderbaby [色色R],5b18cea911be100a0bdbc0eb,L.,https://sns-avatar-qc.xhscdn.com/avatar/633b0a304f4ca840491dfaa3.jpg?imageView2/2/w/120/format/jpg,1,,0,1763393729120,0
62b400a0000000000f003a99,1655963808000,,62ab2985000000002103b438,@睡个好觉,5f2647e60000000001009649,玫瑰与猫,https://sns-avatar-qc.xhscdn.com/avatar/1040g2jo31g0lm4n30e005np68vj095i9e19sj90?imageView2/2/w/120/format/jpg,1,,0,1763393729123,0
62ac40e6000000001e00e8c2,1655455974000,,62ab2985000000002103b438,感觉好好看@Swallow,5bbf64c86478c100010b0487,momo,https://sns-avatar-qc.xhscdn.com/avatar/1040g2jo31nibsg6mmg004bdnpqicg147nhdcpm0?imageView2/2/w/120/format/jpg,2,,0,1763393729125,0
62b1d5a5000000001e020ce8,1655821733000,,62ab2985000000002103b438,@Rich_ 码住,5bb437cc44363b1b22cc9c9c,嗯嗯,https://sns-avatar-qc.xhscdn.com/avatar/1040g2jo31osdtafehq004b98vhrsp74s4u4hptg?imageView2/2/w/120/format/jpg,1,,0,1763393729127,1
62c8094d000000000d01cc78,1657276749000,,62ab2985000000002103b438,@Xzzz @tiamol. [色色R],5cf90cdf0000000016026cc8,illly,https://sns-avatar-qc.xhscdn.com/avatar/1040g2jo3140ubtufi6605n7p1jflkr68m0vl0i8?imageView2/2/w/120/format/jpg,1,,0,1763393729129,1
62ac228c000000000102e2b0,1655448204000,,62ab2985000000002103b438,@岳,5e8594a00000000001009e03,鵀,https://sns-avatar-qc.xhscdn.com/avatar/1040g2jo31m86o1mo58605nk5iig097g3mj9pr40?imageView2/2/w/120/format/jpg,1,,0,1763393729131,0
62ae8a14000000000e02a1ec,1655605780000,,62ab2985000000002103b438,@k,5fa418d20000000001003e00,是我的海,https://sns-avatar-qc.xhscdn.com/avatar/62e4730b7f82d52a83bd967b.jpg?imageView2/2/w/120/format/jpg,2,,0,1763393729133,0
62b7dacd000000000f00768d,1656216269000,,62ab2985000000002103b438,@没有名字 这个我看过,5a56d76411be10061a5c4c77,蒜蓉小年糕,https://sns-avatar-qc.xhscdn.com/avatar/1040g2jo313aauq9u04004a0p86bm8j3nciju38g?imageView2/2/w/120/format/jpg,2,,0,1763393729135,0
62b6ae33000000000102e6e1,1656139315000,,62ab2985000000002103b438,@王一樹｜白柚设计 看,5b275aea11be102467a7babc,Yoi.,https://sns-avatar-qc.xhscdn.com/avatar/66a4711e80aaa0cc1915a91c.jpg?imageView2/2/w/120/format/jpg,2,,0,1763393729138,0
67aede4b000000001c00224c,1739513419000,,67a84ef400000000290330c3,评论不需要争论了，棠真不是神猪的孩子，而且和棠宁生下棠真的那个男人肯定不是权贵家庭，甚至有可能只是个普通人，而且那时候将军肯定还活着，不然没法遮掩（让一家三代变一家三口）棠夫人不可能在将军活着时候把棠宁出卖给权贵，联姻不好吗？[微笑R],6491063f000000001001ef92,破釜沉舟,https://sns-avatar-qc.xhscdn.com/avatar/1040g2jo31fp1njbr7e105p4h0ovk3rsimecpq7o?imageView2/2/w/120/format/jpg,13,,0,1763393737435,495
67c1d088000000001601e3aa,1740755080000,,67a84ef400000000290330c3,为啥让自己的女儿死看不懂了,5a583d1511be105a88b9298e,Anna国际物流,https://sns-avatar-qc.xhscdn.com/avatar/1040g2jo31isf8st4hce04a0pqjuhaacefh8uu00?imageView2/2/w/120/format/jpg,8,,0,1763393737437,0
67a8e69d0000000018032b00,1739122333000,,67a84ef400000000290330c3,這部片導演是男的,6290a6e40000000021027084,只想躺,https://sns-avatar-qc.xhscdn.com/avatar/1040g2jo30q6f09v3n6005okgkri8cs44d038nco?imageView2/2/w/120/format/jpg,2,,0,1763393737441,6
67aaff010000000019003631,1739259649000,,67a84ef400000000290330c3,我记得有个对话是讲棠夫人把女儿送给神猪，呆了一个月，不是那个时候怀孕的吗？,609ce4690000000001001535,用户已注销,https://sns-avatar-qc.xhscdn.com/avatar/645b7efe1fc3de4c930effac.jpg?imageView2/2/w/120/format/jpg,3,,0,1763393737443,12
67a98229000000001601d611,1739162153000,,67a84ef400000000290330c3,说棠夫人是恶鬼，因为她使用的手段全是阴谋，玩一些人性游戏往上爬，甚至牺牲至亲，也没有为社会创造任何价值，这些事放男性身上也一样会挨骂,643adea1000000000e01d883,蓝色小雪花儿,https://sns-avatar-qc.xhscdn.com/avatar/1040g2jo311i95hasmm5g5p1qrqgjjm43nvb2tvg?imageView2/2/w/120/format/jpg,9,,0,1763393737445,52
67a8aa56000000001801fe2f,1739106902000,,67a84ef400000000290330c3,为什么一定要纠结棠真的生父是谁？这是女人的游戏，是棠夫人，县长夫人，林太太，王太太和议长特助的博弈，这只是成王败寇的故事，这和她爹是谁没关系。,64a3cf550000000011001c01,momo,https://sns-avatar-qc.xhscdn.com/avatar/1000g2jo2oelcom2jm0005p53ptak8701cfenca0?imageView2/2/w/120/format/jpg,1,,0,1763393737447,728
67a9710a000000001602f055,1739157771000,,67a84ef400000000290330c3,有无类似的剧推荐 血观音我看了三遍,5dbae4b80000000001006306,别烦,https://sns-avatar-qc.xhscdn.com/avatar/604eb918ff9808762a5873d1.jpg?imageView2/2/w/120/format/jpg,4,,0,1763393737450,10
67a8c2030000000019012a31,1739112963000,,67a84ef400000000290330c3,没错，棠宁她想摆脱原生家庭，不想听从父母安排的命运，在父母可能有意向给她择婿的时候，棠宁不知如何抗争，只能用毁坏自己完璧之身的方式来对抗，怎奈她自己毕竟是被宠坏的公主，所以不具备识人能力，这场对抗以失败告终。她未婚先孕，父母为了挽回颜面把棠真归在自己名下，外孙女变女儿。棠宁则因为这个过往既不能摆脱家族，也不能再像其他闺秀一样择高粱，加上可能这时候棠将军也突发疾病去世，棠夫人为了支撑家族地位，低下头，把棠宁往交际花的方向培养（夫人过去有可能也是风月出身，她对此心里负担不是很大，对利益的追求才是她的目的，女儿只能选择和她绑定，不允许有其他选择）而把真正的希望压在了棠真身上，更加细心培养棠真。,5e3103d20000000001001c12,山桃🍑子,https://sns-avatar-qc.xhscdn.com/avatar/1040g2jo31mru752r5i005nhh0f90870i4ljqim8?imageView2/2/w/120/format/jpg,14,,0,1763393737452,846
67a8e03c00000000180311a0,1739120701000,,67a84ef400000000290330c3,有幸刷过未删减版[偷笑R][暗中观察R],5fe8ae1c000000000100328b,一因因一,https://sns-avatar-qc.xhscdn.com/avatar/1040g2jo318f8pt5a3u6g5nv8loe08ckbt29131o?imageView2/2/w/120/format/jpg,1,,0,1763393737455,3
68249986000000000900e8c7,1747229063000,,67a84ef400000000290330c3,这部电影真是看完了搞不明白棠夫人想要什么 这里应该岁数不小了吧 为了不能娶自己的一个男人牺牲自己女儿 [石化R] 说想要权利的最后最大赢家不是冯秘书吗 要说为钱 那么大岁数钱不够花吗 为了家族？[笑哭R],5a75c60e11be10357989bf49,电路分析,https://sns-avatar-qc.xhscdn.com/avatar/1040g2jo317gkikbg3k004a18g530tfq9fbi9vg0?imageView2/2/w/120/format/jpg,6,,0,1763393737456,5
67b2085d0000000019016ef7,1739720797000,,67a84ef400000000290330c3,不是啊 棠宁是她妈把她带去香港陪金主才未婚先孕的，一开始她妈就把她当棋子吧 她最惨,5bc02230f7e8b96cdc59bad2,lucky,https://sns-avatar-qc.xhscdn.com/avatar/1040g2jo31fh9tij0mo004be04mh31emic6e61fo?imageView2/2/w/120/format/jpg,13,,0,1763393741789,74
67c015bc00000000160190a5,1740641724000,,67a84ef400000000290330c3,棠夫人有魅力不假，她拉着权贵炒地套现又背刺，灭门林家，甚至故意留一个半死不活的林翩翩给棠真练手，有母狮子的狠厉和手段，可毕竟棠真是人，棠真得了她的真传，背刺了棠宁自己的亲妈，亲手杀了林翩翩，棠夫人完全抹杀了她人性的部分，留下来的是利益机器，棠真开心吗？当然里面当然可以说全员恶人，没有谁是完全无辜的，不代表这就是对的，和男女有何关系。[doge],61c82fba000000001000eb94,湘北情圣,https://sns-avatar-qc.xhscdn.com/avatar/1040g2jo30ntmq2c71e6g5oe85ut41qsk9el1gl8?imageView2/2/w/120/format/jpg,6,,0,1763393741793,73
67b3add60000000018037ae5,1739828694000,,67a84ef400000000290330c3,[doge]我最爱的影片之一 原片n刷 光是拉片解析加起来都看了几十个小时 这剧的细节和局中局以及逻辑和铺垫都是神中神 每个人的结局又和自己的性格与格局一致,5c0292a90000000005003397,momo,https://sns-avatar-qc.xhscdn.com/avatar/1040g2jo31goe2us6ji6g4buo739aicsnrkquung?imageView2/2/w/120/format/jpg,2,,0,1763393741796,6
67aedf480000000019007c24,1739513672000,,67a84ef400000000290330c3,这个图可以用吗？发微博小红书啥的,61473b020000000002020d82,不二周助全世界最帅,https://sns-avatar-qc.xhscdn.com/avatar/1040g2jo31jqs4njoj26g5oa77c10k3c25rvj740?imageView2/2/w/120/format/jpg,2,,0,1763393741799,0
67a9a9fc0000000019007080,1739172348000,,67a84ef400000000290330c3,不不不，棠宁爱她母亲，所以她一直为母亲拉拢男人，被她利用也无所谓，她最后崩溃的是：她母亲安排的这一局，她的牺牲不是最后的无奈，是一开始就注定的必然,5bb5f9a744363b520112afe9,清鑫,https://sns-avatar-qc.xhscdn.com/avatar/64111462791182156abe2bf3.jpg?imageView2/2/w/120/format/jpg,7,,0,1763393741800,88
67abfc25000000001c005d54,1739324453000,,67a84ef400000000290330c3,棠宁若是想通了看透了其实按着他妈想的那样安排也挺好的，什么亲情爱情友情比得上自己有权有钱啊，况且她也没有这3情，不如卖了换钱和权，现实里这种少吗,5a96d2944eacab38023cf83b,猪咪小小喵～,https://sns-avatar-qc.xhscdn.com/avatar/1040g2jo30o5o5241i8704a2v97999u1rtmh383o?imageView2/2/w/120/format/jpg,1,,0,1763393741803,16
67a9bc69000000001c003d33,1739177065000,,67a84ef400000000290330c3,棠宁真的美,5754f2745e87e70899af4721,吧咘哔卟boom,https://sns-avatar-qc.xhscdn.com/avatar/1040g2jo31ebrh182126048e8epp78hp1uamqpk0?imageView2/2/w/120/format/jpg,1,,0,1763393741805,6
67a99db20000000016006716,1739169203000,,67a84ef400000000290330c3,左边是谁啊 这手臂线条,5bb17a35aa1ebf00019ffcec,ㅤㅤ,https://sns-avatar-qc.xhscdn.com/avatar/1000g2jo2i7dj4iaio06g4b88c1t3bv7c4d711u0?imageView2/2/w/120/format/jpg,1,,0,1763393741808,0
67a96afc000000001601f8ef,1739156220000,,67a84ef400000000290330c3,虽然棠夫人有了权势可以捞人，但大概率只能说明棠宁还有剩余价值，棠宁背锅侠的定位是一颗定时炸弹，随时作为能牺牲掉的棋子，这次能捞出来下次呢，棠夫人也不可能一辈子掌握权势，棠宁很清楚，自己没有未来没有选择也没有爱，只能一辈子生活在黑暗中,6207a53f0000000002022c22,小红薯620857AF,https://sns-avatar-qc.xhscdn.com/avatar/6207a53f0000000002022c22.jpg?imageView2/2/w/120/format/jpg,1,,0,1763393741811,30
67a8b19b00000000190167dd,1739108763000,,67a84ef400000000290330c3,文淇是在脚趾抠地吗,5a82d6354eacab1c07fa3283,稼稼,https://sns-avatar-qc.xhscdn.com/avatar/1040g2jo31m9pb1al6g004a1eogb3ack300oo7g8?imageView2/2/w/120/format/jpg,2,,0,1763393741812,137
67aa05b80000000016019686,1739195832000,,67a84ef400000000290330c3,不是因为那个，是神猪,5c8b7eb20000000016036f71,开心每一天,https://sns-avatar-qc.xhscdn.com/avatar/1040g2jo31evlk65imo6g5n4bfqp5mrrhfdque10?imageView2/2/w/120/format/jpg,1,,0,1763393746365,7
67bfcc71000000001c00948e,1740622962000,,67a84ef400000000290330c3,唐宁最大的错误是用未婚先孕来反抗她妈企图给她联姻规划的路，伤害自己作践自己，所以感觉她们一家人都不正常。,574d63f382ec3941d73bc6b3,丁一,https://sns-avatar-qc.xhscdn.com/avatar/1040g2jo31gjpjemhjc0048d81ehv7hljc317db0?imageView2/2/w/120/format/jpg,1,,0,1763393746368,13
67ae0e9b0000000019013aee,1739460251000,,67a84ef400000000290330c3,棠宁不是被棠夫人在香港送给神猪才怀孕的吗，什么时候反抗未婚先孕了[失望R]其实棠宁没什么生存能力，相对的她也没有那么多欲望，一直以来接受不了落差，想要权势的都是棠夫人。我不觉得她有权势后会把棠宁捞出来诶，除非她还需要棠宁去陪睡换取利益，可她应该想推棠真出去继承棠宁的工作了,57e1554f50c4b479c12e19dc,momo,https://sns-avatar-qc.xhscdn.com/avatar/1040g2jo31ek62nnugu5g48n0miaku6es4nqn6v0?imageView2/2/w/120/format/jpg,1,,0,1763393746370,15
67cb941800000000150284ff,1741394969000,,67a84ef400000000290330c3,我觉得长大后的棠真也应该由文淇演,56ceba8984edcd368729de20,大囍,https://sns-avatar-qc.xhscdn.com/avatar/5e4746fa70c147000107a66d.jpg?imageView2/2/w/120/format/jpg,1,,0,1763393746372,2
67aadd91000000001c00e710,1739251090000,,67a84ef400000000290330c3,倒也不必捧的这么高，性转成男的也很恶心,6461eda50000000029017233,米米推书,https://sns-avatar-qc.xhscdn.com/avatar/1040g2jo312g7u350ho6g5p31tmiqashjlhi7gg8?imageView2/2/w/120/format/jpg,0,,0,1763393746375,9
67c933430000000017038d62,1741239108000,,67a84ef400000000290330c3,想想刘邦，逃命的时候老婆儿子直接踹下车，但是刘邦就是无毒不丈夫[斜眼R],5b436b9f4eacab18bfa72a61,要冷静,https://sns-avatar-qc.xhscdn.com/avatar/1040g2jo317ei7t7f46004a708jlpuaj1rsc2f9o?imageView2/2/w/120/format/jpg,0,,0,1763393746377,25
68abd3b6000000003002ba36,1756091318000,,67a84ef400000000290330c3,这个我觉得就是普通的商人权谋电影，冲着悬疑去看的，其实并没有很悬疑，它里面的解说人把剧情先说出来了就没有多少悬疑味道,64fabb0000000000060337ba,棉花云,https://sns-avatar-qc.xhscdn.com/avatar/1040g2jo31miu8h74581g5p7qnc01mdtqva9rbrg?imageView2/2/w/120/format/jpg,2,,0,1763393746379,0
67b361fc00000000190133a7,1739809277000,,67a84ef400000000290330c3,这个电影能让评论区长篇大论的破防是人没想到的[汗颜R],6504bee90000000017021649,拉花又翻车了,https://sns-avatar-qc.xhscdn.com/avatar/1040g2jo31c2cj9ffh0005p84nrkls5i92sj2gr8?imageView2/2/w/120/format/jpg,1,,0,1763393746381,2
67a959ee000000001802e818,1739151854000,,67a84ef400000000290330c3,把其他问题跟性别问题混为一谈了，棠夫人是恶鬼，不是因为她作为女性产生了欲望是恶鬼，而是因为她产生了极为自私贪婪可怕的恶欲所以是恶鬼，与她是否为女性无关，而你所说的手段残忍但功成名就的王侯将相们，无一不是对国家人民做出了重大贡献。,5b263d5be8ac2b42c0121fa6,感冒灵旋风,https://sns-avatar-qc.xhscdn.com/avatar/1040g2jo30saa67e52s004a6ba0ulm7t64453hug?imageView2/2/w/120/format/jpg,0,,0,1763393746383,19
6830019c0000000007029f24,1747976604000,,67a84ef400000000290330c3,并没有人歌颂一日杀三子一类的事…丑恶换个性别不影响本质。,5e3770be0000000001009562,没名字,https://sns-avatar-qc.xhscdn.com/avatar/529594cd91bbf4c43608131bf9134bdc.jpg?imageView2/2/w/120/format/jpg,1,,0,1763393746384,13
67ba96050000000018032111,1740281349000,,67a84ef400000000290330c3,应该是将军刚过世就让棠宁去陪别人，之后怀孕，棠夫人就到处跟别人说将军走之前她就怀孕了，等棠宁生下孩子以后顺势挂在自己名下。至于孩子出生，早两个月也可以。,5f547dac00000000010079ae,文,https://sns-avatar-qc.xhscdn.com/avatar/529594cd91bbf4c43608131bf9134bdc.jpg?imageView2/2/w/120/format/jpg,1,,0,1763393750712,7
67a8b86d00000000160144f3,1739110510000,,67a84ef400000000290330c3,宝贝儿 你的脚趾头出卖了你的紧张[偷笑R],5c21ea680000000006015b04,纸老虎,https://sns-avatar-qc.xhscdn.com/avatar/1040g2jo31em80cc5le705n11t9k1imo41fjp3vg?imageView2/2/w/120/format/jpg,0,http://sns-webpic-qc.xhscdn.com/202511172335/35037687b5985120aaa80760a35ef3b4/comment/1040g2h031dmeo8cr0k005n11t9k1imo48ak052g!nd_whgt34_webp_wm_1,0,1763393750715,79
67ca4e760000000017030eb4,1741311607000,,67a84ef400000000290330c3,棠真应该是老将军还在的时候就生的，多半是棠宁自己追求真爱的，且真爱应该不是什么特别有权有钱的。不然棠夫人直接让她和上层社会的人联姻，以棠夫人的手段借夫家成立盛棠集团，或者直接夺了夫家更容易啊。,67a2194e000000000e02c4da,QWERTY,https://sns-avatar-qc.xhscdn.com/avatar/1040g2jo31hcp09urju6g5pt23573lh6qarti8t0?imageView2/2/w/120/format/jpg,0,,0,1763393750718,12
67c06f570000000019004b30,1740664664000,,67a84ef400000000290330c3,看电影时没注意这制服绣的居然是彼岸花，寓意太…,5f5a9864000000000101f45b,Komaru,https://sns-avatar-qc.xhscdn.com/avatar/1040g2jo31c952opbgu005nqqj1i0bt2rf0vqv2g?imageView2/2/w/120/format/jpg,0,,0,1763393750721,8
67a99577000000001601d29c,1739167095000,,67a84ef400000000290330c3,我对比了我认识的棠夫人这样的人，我才知道红姐没有演简直就是实打实的克隆。,5e9985e400000000010006fb,Berton,https://sns-avatar-qc.xhscdn.com/avatar/64195c56e64abc0b31052bbf.jpg?imageView2/2/w/120/format/jpg,0,,0,1763393750723,5
67c7cfa900000000180094c1,1741148074000,,67a84ef400000000290330c3,这是最近新出的电影吗？最近抖老给我推这个电影的讲解,5ba3be4cb972690001c63062,彩票一等奖种子选手💰,https://sns-avatar-qc.xhscdn.com/avatar/1040g2jo31dr2f7hbgk004b34rnv4oc3293n9oko?imageView2/2/w/120/format/jpg,1,,0,1763393750724,1
67bffe19000000001b03f95d,1740635674000,,67a84ef400000000290330c3,棠真的脚趾都挤在一起了，这么小就拇指外翻吗,5f2cee7d000000000101e591,小红薯5F2E011D,https://sns-avatar-qc.xhscdn.com/avatar/1040g2jo317jd9r9c0o605npctpugbpchgai8gv0?imageView2/2/w/120/format/jpg,0,,0,1763393750727,0
67b3eeda000000001901038c,1739845338000,,67a84ef400000000290330c3,并不是不择手段想拥有权势被指责，这要是拍棠夫人年轻的时候这样爬上去，我也赞一句枭雌，比如去年某个剧为了知道标底那个女角色设定去和高官，也不过说这一家子还挺和谐，皇帝送公主和亲一样到现在会有人骂，她是恶鬼并不是因为追求权势，而是她将恶鬼的法则要求在女儿身上并拖她们下水,62b54062000000001b02a3ef,鸭鸭一定磕的明白,https://sns-avatar-qc.xhscdn.com/avatar/1040g2jo31c6akqpkgm5g5oll81h6t8vf2kof84o?imageView2/2/w/120/format/jpg,0,,0,1763393750728,18
67c38db60000000016031d98,1740869047000,,67a84ef400000000290330c3,這部電影重複看好多次都不會覺得膩,5cfe058300000000050169a2,May,https://sns-avatar-qc.xhscdn.com/avatar/5f7edd80e2dbee0001d8fd19.jpg?imageView2/2/w/120/format/jpg,0,,0,1763393750732,7
67a87b310000000018034c15,1739094833000,,67a84ef400000000290330c3,棠宁过过受宠的日子，所以不愿意被她妈摆布，棠真从出生就这样，习惯了,57f5ad496a6a6901f85ffc95,利莫里亚小人干,https://sns-avatar-qc.xhscdn.com/avatar/1040g2jo31bsebd3u0s0048o6j3mkjv4l78f7kgo?imageView2/2/w/120/format/jpg,0,,0,1763393750733,50
67b44cba0000000019015667,1739869370000,,67a84ef400000000290330c3,可能导演是这么想的，但是观众蛮多都觉得棠夫人挺有魄力的吧，我感觉没看过有谁批判指责棠夫人的[笑哭R][笑哭R]不是好人，但是很有魅力的一个角色,631729ff000000000f004a4c,小红薯6317D57D,https://sns-avatar-qc.xhscdn.com/avatar/7121a416be8e543266fd62c1cc9d575e.jpg?imageView2/2/w/120/format/jpg,0,,0,1763393755012,5
67f13533000000001e03d67e,1743861043000,,67a84ef400000000290330c3,为啥现在搜不到这部剧,57a74adc50c4b42463246de0,桂花乌龙芋圆奶茶,https://sns-avatar-qc.xhscdn.com/avatar/5f7c80c4f06d540001406d83.jpg?imageView2/2/w/120/format/jpg,1,,0,1763393755014,0
67c9efbf000000000f03ac93,1741287360000,,67a84ef400000000290330c3,又想去看一遍了[笑哭R],5979d28f82ec39330f88b43b,Xuan Crystal Studio,https://sns-avatar-qc.xhscdn.com/avatar/1040g2jo31ffvpsqn766g49mtsl98vd1rfs3l2c8?imageView2/2/w/120/format/jpg,0,,0,1763393755017,0
67b30105000000001c0090f1,1739784454000,,67a84ef400000000290330c3,不是，感觉你们没看懂,5481075ad6e4a96171300e56,Infinity,https://sns-avatar-qc.xhscdn.com/avatar/1040g2jo31lepr2av505g400pkv3lk3immisehs8?imageView2/2/w/120/format/jpg,0,,0,1763393755018,2
67da1dba000000001902f92b,1742347706000,,67a84ef400000000290330c3,我看完这部剧的第一反应觉得惠英红演技真的好好啊，没有黑眼影和上挑眼线，看着都觉得很害怕。棠夫人真的很变态啊！！！！[笑哭R],64958bb900000000250342e3,Tom (我好中意返工),https://sns-avatar-qc.xhscdn.com/avatar/1040g2jo31oph6cs9126g5p4lhespegn3mku31k0?imageView2/2/w/120/format/jpg,0,,0,1763393755020,1
688376e9000000001901e4e8,1753446122000,,67a84ef400000000290330c3,后半段看了我释然地笑 不愧小红书,5db2b6140000000001002cb0,gofyourse,https://sns-avatar-qc.xhscdn.com/avatar/1040g2jo31lqaj5au5u005ndimoa08b5ghe2r62o?imageView2/2/w/120/format/jpg,0,,0,1763393755022,1
67dab4c60000000017028487,1742386375000,,67a84ef400000000290330c3,我以为是棠夫人让她去游走权贵中怀孕的[汗颜R],613ea95e0000000002027a19,酒小花,https://sns-avatar-qc.xhscdn.com/avatar/1040g2jo30p6ubevsk2005o9ul5f0kugpba788co?imageView2/2/w/120/format/jpg,0,,0,1763393755025,5
67e99ad2000000001200a75f,1743362770000,,67a84ef400000000290330c3,这部电影细节太多了。B站up【食影双修】解说的非常厉害，可以看下。,565803b30bf90c3cfeeec09d,Cool Kid卡卡💜,https://sns-avatar-qc.xhscdn.com/avatar/1040g2jo31glg7gf4ju004393ar1r7g4tu1k1r00?imageView2/2/w/120/format/jpg,0,,0,1763393755026,5
67e013bb0000000012032e06,1742738364000,,67a84ef400000000290330c3,@Mini Z,5a868b0b11be102f774c955d,xhs264838198,https://sns-avatar-qc.xhscdn.com/avatar/1040g2jo30pc72ish46004a1g7c5gn5at976dhgg?imageView2/2/w/120/format/jpg,0,,0,1763393755028,1
67a995b4000000001801dd24,1739167157000,,67a84ef400000000290330c3,@睡睡啊睡 这个可好看了[色色R],5cc70058000000001001bd69,江念桃,https://sns-avatar-qc.xhscdn.com/avatar/1040g2jo31jm5t6p1ig0g5n6701c43fb9rpq082g?imageView2/2/w/120/format/jpg,1,,0,1763393755031,0
67c4289300000000160140a1,1740908691000,,67c13b23000000002a00eb85,总结《东南亚的小孩一辈子都在等父母的道歉，东南亚父母一辈子都在等孩子的低头》,5aae2c5ee8ac2b037107f196,不瘦不改名,https://sns-avatar-qc.xhscdn.com/avatar/5b117648d2c8a55fd02ff1e0.jpg?imageView2/2/w/120/format/jpg,7,,0,1763393763387,493
67c48476000000001b03df34,1740932214000,,67c13b23000000002a00eb85,儿子也一样吧。现在厂二代为啥个个叫苦，还不是就连工人都知道厂二代只是厂一代不给工钱的工人罢了，如果读不出去，找不到工作，所谓继承家业，不过是为父辈打一辈子工，有媳妇，多一个免费劳力，再生几个孩子，自己身上担子就松多了。当爹妈的有觉得不对吗[抠鼻R],5c5ac411000000001a0119b8,孜明,https://sns-avatar-qc.xhscdn.com/avatar/5c5ac411000000001a0119b8.jpg?imageView2/2/w/120/format/jpg,7,,0,1763393763396,131
67c1ba13000000001803e5f5,1740749331000,,67c13b23000000002a00eb85,画画那里她就必死了，有另外一个人替代她的位置,5ca994e1000000001001c624,萨摩耶,https://sns-avatar-qc.xhscdn.com/avatar/63e4ab61952f9cbe57bbf77f.jpg?imageView2/2/w/120/format/jpg,6,,0,1763393763400,116
67ca259d000000001702a294,1741301149000,,67c13b23000000002a00eb85,棠夫人是不可能让段义活着的，毕竟已经把他哥给杀了，船上是做了手脚的。棠夫人当时在电话里其实是暗示棠宁的，但当时棠宁已经想彻底离开家了。哪怕回来，做的事跟之前有啥区别呢，照样没个人样,67a2194e000000000e02c4da,QWERTY,https://sns-avatar-qc.xhscdn.com/avatar/1040g2jo31hcp09urju6g5pt23573lh6qarti8t0?imageView2/2/w/120/format/jpg,3,,0,1763393763402,25
67c2c286000000001601b782,1740817031000,,67c13b23000000002a00eb85,如果棠夫人一直是母亲，或者上司般地下命令，棠宁最后也不会上船。她一边知道家里的产业见不得光，在棠夫人被调查的时候主动接触👮‍♂️，但一边又因为小时候可能存在过的母爱而期待母亲能反过来爱她，但这两套东西不兼容,5af57ef1e8ac2b60f809f22c,黑猪漫天飞,https://sns-avatar-qc.xhscdn.com/avatar/1040g2jo31d05qb450s004a57u3vf3shc37lmqho?imageView2/2/w/120/format/jpg,4,,0,1763393763406,173
67c1f85500000000180333e5,1740765270000,,67c13b23000000002a00eb85,看过风过大泽的拉片，才知道自己白看了,58384d8d6a6a69488e0bb051,执迷不悔,https://sns-avatar-qc.xhscdn.com/avatar/1040g2jo31f8eviq06e5g48t3up6orc2h524bem0?imageView2/2/w/120/format/jpg,4,,0,1763393763407,35
67c2732800000000160344e1,1740796713000,,67c13b23000000002a00eb85,她当然知道啊，她就是因为知道她才跑的,5f4924990000000001008216,凶人恶煞,https://sns-avatar-qc.xhscdn.com/avatar/1040g2jo30nobig51726g5nq94icg90gmuf5jds0?imageView2/2/w/120/format/jpg,1,,0,1763393763410,23
67c4efe800000000190048b1,1740959720000,,67c13b23000000002a00eb85,谢谢您诚实地标注转载[玫瑰R]点了,5d40f45e0000000016035cc1,Bdbayom,https://sns-avatar-qc.xhscdn.com/avatar/5d40f4b5ad095c0001f69129.jpg?imageView2/2/w/120/format/jpg,1,,0,1763393763412,7
67c1c6da0000000018035280,1740752602000,,67c13b23000000002a00eb85,可是对岸的高小琴，不仅保护了妹妹，还打到了棠夫人的目的,5ff423bf000000000101df14,CP,https://sns-avatar-qc.xhscdn.com/avatar/166ad12ae9a7f6fbb4bbbf88d417895f.jpg?imageView2/2/w/120/format/jpg,3,,0,1763393763416,67
686473fc000000000c016c94,1751413756000,,67c13b23000000002a00eb85,主动的或者被动的政治深度玩家是不能被称之为人的，人性要被全部被剿灭才能无情的去玩别人、 才能赢。棠将军死后夫人为了“更高一步生存”或者“不被别人剿灭”， 主动也被动地深入参与政治斗争、作为女人身她早就不知道把自己的身体和灵魂剿灭多少次献祭多少次了，才能换取家族依然屹立。月影早就已经把她让棠宁做的事情做过无数次了、她已成为是政治本身、无情无爱。而棠宁的“悲剧”恰恰在于 她的成长环境（母亲和家族的优渥）是可以允许她做“人”的。她的艺术创作、甚至她的痛苦 都在说明她其实在做“人”。而母亲觉得她是没有这个资格的、家族里人人必须为整体上在政治中生存而服务、献祭。所以她是能感受到撕裂的疼痛的。,54848d4dd6e4a9281753f643,女巫的星系,https://sns-avatar-qc.xhscdn.com/avatar/1040g2jo31gd6m8c03i0g400qna6krti3m3aqmgo?imageView2/2/w/120/format/jpg,0,,0,1763393763419,3
67e3c647000000001f0035b9,1742980679000,,67c13b23000000002a00eb85,是这样。感情只是逼你就范的手段，因为需要爱所以做任何事情都感觉委曲求全。,64c0a9c2000000001403d0d7,用户已注销,https://sns-avatar-qc.xhscdn.com/avatar/645b802c0f5b598e07f39dc7.jpg?imageView2/2/w/120/format/jpg,0,,0,1763393767735,0
67c1c343000000001c0004ac,1740751683000,,67c13b23000000002a00eb85,@momo,5c4d38a000000000120359ae,流浪饭碗（在线版）,https://sns-avatar-qc.xhscdn.com/avatar/1040g2jo30mrvtadl4e505n2d72g4mmdeh7n1788?imageView2/2/w/120/format/jpg,0,,0,1763393767737,4
6800bfd500000000120026d4,1744879574000,,67c13b23000000002a00eb85,棠夫人对棠宁就好比剑风里格里弗斯对鹰之团[笑哭R]当年里基特大帝也想不通去质问，然后就有了格里弗斯真心实意诧异我拿你们物尽其用你们不应该感到高兴吗的名回答，然后就有了里基特大帝封神的名场面,631ffded00000000230258d0,艾艾,https://sns-avatar-qc.xhscdn.com/avatar/1040g2jo3108050fvlo005oovvnmosm6gvsmj0e0?imageView2/2/w/120/format/jpg,0,http://sns-webpic-qc.xhscdn.com/202511172336/6386e839d071611e859d97cabfca4ed1/comment/1040g2h031gcdl68dji005oovvnmosm6grbmd54g!nd_whgt34_webp_wm_1,0,1763393767740,4
67c27a18000000001601d8db,1740798488000,,67c13b23000000002a00eb85,@法律民工小陈,5a7a775f4eacab41eae4a603,merely,https://sns-avatar-qc.xhscdn.com/avatar/1040g2jo30vp3a6b6m6104a1ak1rlv9g33mt01k0?imageView2/2/w/120/format/jpg,0,,0,1763393767741,0
67c1ae760000000019011905,1740746359000,,67c13b23000000002a00eb85,最狠的应该是那句，公主命，丫鬟身。说的时候她妈眼神居然还带着不屑，我解读这句话的意思里有一层是。你是将军的女儿又怎么样，还不得像我一样去卖身。不,6702c0e9000000000b032400,听障小陈,https://sns-avatar-qc.xhscdn.com/avatar/1040g2jo31lmi08nblm605po2o3kiu900lghokrg?imageView2/2/w/120/format/jpg,32,,0,1763393767743,283
67c170430000000019001d7f,1740730436000,,67c13b23000000002a00eb85,联想到武则天称帝之后和子女之间的关系,646b9842000000002901468f,嘿嘿哈哈快乐日常,https://sns-avatar-qc.xhscdn.com/avatar/1040g2jo319n08f9572005p3bj11aahkfsj2pgdg?imageView2/2/w/120/format/jpg,0,,0,1763393767746,30
685141210000000004015666,1750155553000,,67c13b23000000002a00eb85,而且这个片子里最妙的一点是，棠夫人作为大家长夺走了棠真，拖走了棠宁本该有的“母权”,5f354dfd000000000100276e,虾滑快长肉肉,https://sns-avatar-qc.xhscdn.com/avatar/1040g2jo31d7rgve0gu605npl9nug89re0er1h7o?imageView2/2/w/120/format/jpg,1,,0,1763393767748,9
67d812a70000000018014021,1742213799000,,67d7e2cf000000001b025892,18没更,5b454ea84eacab045b91ad0d,切圆葱辣眼睛👀,https://sns-avatar-qc.xhscdn.com/avatar/1040g2jo31jtjrppcj4004a71l67ahb8dbcgq21o?imageView2/2/w/120/format/jpg,1,,0,1763393776127,1
67dad51a0000000018008505,1742394651000,,67d7e2cf000000001b025892,怎么还不更新[哭惹R],609cdeed000000000101e159,蒲公英种子传播大使,https://sns-avatar-qc.xhscdn.com/avatar/1040g2jo31da64i3mgm5g5o4srrmgboap9hoeulo?imageView2/2/w/120/format/jpg,2,,0,1763393776129,0
67da8fbc000000001502a2b9,1742376894000,,67d7e2cf000000001b025892,戒断好难受 老师快更救命,5fa679e40000000001007ee6,Violette,https://sns-avatar-qc.xhscdn.com/avatar/1040g2jo31d8pt1u2gu505nt6f7i08vn61ltcmn0?imageView2/2/w/120/format/jpg,1,http://sns-webpic-qc.xhscdn.com/202511172336/88cadfe84936a4d55a775653a1d1f4b9/comment/1040g2h031f749acomi6g5nt6f7i08vn6p8vifn8!nd_whlt34_webp_wm_1,0,1763393776131,19
67da9e0f000000000f030792,1742380560000,,67d7e2cf000000001b025892,追更5555,5ae3ef314eacab68921346ae,救救小猴,https://sns-avatar-qc.xhscdn.com/avatar/1040g2jo314tfirbagk004a4ssmnj2hle3ofuop0?imageView2/2/w/120/format/jpg,1,,0,1763393776132,0
67d9325e000000001502bfbc,1742287454000,,67d7e2cf000000001b025892,唐夫人白糖砒霜[doge][doge][doge],5b610d9d11be10136a1a2755,曙曙走不出浪浪山,https://sns-avatar-qc.xhscdn.com/avatar/1040g2jo31cn1rmjjgk6g4a7o9b6pq9qldovlfh8?imageView2/2/w/120/format/jpg,1,,0,1763393776136,15
67d94eb4000000001703b56e,1742294709000,,67d7e2cf000000001b025892,不字不是棠真写上去的吗,5a6d46e7e8ac2b11a067c511,TrapQueen,https://sns-avatar-qc.xhscdn.com/avatar/1040g2jo314j8kr6ame004a14io3efh8h62eu85g?imageView2/2/w/120/format/jpg,1,,0,1763393776138,3
67da5001000000001800b614,1742360577000,,67d7e2cf000000001b025892,催更！！！！,5e3d46ca0000000001002934,咔咪鸡蛋糕,https://sns-avatar-qc.xhscdn.com/avatar/1040g2jo31ov4ictthg0g5nht8r508a9kgr7aj9g?imageView2/2/w/120/format/jpg,1,,0,1763393776139,1
67d9567b0000000018006560,1742296699000,,67d7e2cf000000001b025892,快更新,5e3d46ca0000000001002934,咔咪鸡蛋糕,https://sns-avatar-qc.xhscdn.com/avatar/1040g2jo31ov4ictthg0g5nht8r508a9kgr7aj9g?imageView2/2/w/120/format/jpg,0,,0,1763393776141,1
67e538c1000000001e03a6fe,1743075522000,,67d7e2cf000000001b025892,博主棠真最后对棠夫人的报复，是不是因为对曾经的棠宁对他仅存的一点母爱都被棠夫人毁掉而报复他,5e776b2700000000010008a2,美美优悠慢生活,https://sns-avatar-qc.xhscdn.com/avatar/1040g2jo313tnao7p2c005njndcjg8252aptn8po?imageView2/2/w/120/format/jpg,0,,0,1763393776144,5
67d7f2a90000000015014b2d,1742205609000,,67d7e2cf000000001b025892,终于更新了！看的好过瘾是,57ced2447fc5b8439ed50fbb,蓝绿晶的momo,https://sns-avatar-qc.xhscdn.com/avatar/637893ff0b1711f219677da8.jpg?imageView2/2/w/120/format/jpg,0,,0,1763393776145,1
67d824be000000001801aed4,1742218431000,,67d7e2cf000000001b025892,终于更新了,57d4b8e95e87e724d9c82297,走走爱喝咖啡,https://sns-avatar-qc.xhscdn.com/avatar/1040g2jo31odm1g566mkg48mf54sei8knd9otuao?imageView2/2/w/120/format/jpg,0,,0,1763393780500,0
67d7f53f000000001201636d,1742206271000,,67d7e2cf000000001b025892,来了,5857907450c4b40f19240762,Moooi,https://sns-avatar-qc.xhscdn.com/avatar/637a42486703961ffee2cf3b.jpg?imageView2/2/w/120/format/jpg,0,,0,1763393780502,0
67d8542d0000000015017dda,1742230573000,,67d7e2cf000000001b025892,很好 太喜欢了 明天化妆看,63f8a5c2000000000f010637,Atiann,https://sns-avatar-qc.xhscdn.com/avatar/1040g2jo31n1u3mi3ku005ovokn13q1hnkpunsro?imageView2/2/w/120/format/jpg,0,,0,1763393780505,0
67d943f70000000018012228,1742291960000,,67d7e2cf000000001b025892,快出快出,5b4dc33ee8ac2b5e5a2baa9d,白日梦想家🌙,https://sns-avatar-qc.xhscdn.com/avatar/1040g2jo3194os30cl6004a784e1jtakt4av2lj8?imageView2/2/w/120/format/jpg,0,,0,1763393780507,1
67e53952000000001e00edb3,1743075666000,,67d7e2cf000000001b025892,棠真对棠宁指定是有爱的,5e776b2700000000010008a2,美美优悠慢生活,https://sns-avatar-qc.xhscdn.com/avatar/1040g2jo313tnao7p2c005njndcjg8252aptn8po?imageView2/2/w/120/format/jpg,0,,0,1763393780510,2
67d9964e000000001802947b,1742313039000,,67d7e2cf000000001b025892,催更！,557194f8f5a26304cb867efb,软萌瓷,https://sns-avatar-qc.xhscdn.com/avatar/1040g2jo30q8cisot766g40oasfafgvnr1q8u598?imageView2/2/w/120/format/jpg,0,,0,1763393780511,3
67ddaaa100000000120312de,1742580386000,,67d7e2cf000000001b025892,虽然我已经看过原片了，但解说给了不一样的感受，从下午看到凌晨,615145aa000000000201a397,🎀,https://sns-avatar-qc.xhscdn.com/avatar/1040g2jo31nj6rvtn6g005oah8ml0j8snamri8b0?imageView2/2/w/120/format/jpg,0,,0,1763393780512,1
67dc10c2000000001e0395e7,1742475459000,,67d7e2cf000000001b025892,战士   可以不用强调是女战士,5e9ff5a0000000000100bf93,厉害,https://sns-avatar-qc.xhscdn.com/avatar/1040g2jo31p0871i5io105nkvumg09fsjuqvrvj8?imageView2/2/w/120/format/jpg,0,,0,1763393780517,8
67d94f110000000018019669,1742294802000,,67d7e2cf000000001b025892,快更新吧[暗中观察R],5debeb3c000000000100b7be,晶晶,https://sns-avatar-qc.xhscdn.com/avatar/1040g2jo319dvisf9mg105nfbtcu09dtu09h2fio?imageView2/2/w/120/format/jpg,0,,0,1763393780520,1
67d999f9000000001702bd2f,1742313977000,,67d7e2cf000000001b025892,催更催更,59ade9f95e87e73371098fd8,🌰,https://sns-avatar-qc.xhscdn.com/avatar/1040g2jo31mbhbmunmg7049p96qkvj3uoa7mhv4o?imageView2/2/w/120/format/jpg,0,,0,1763393780521,2
67d8d35b0000000015007afa,1742263132000,,67d7e2cf000000001b025892,前排[哇R]又看完了，催更～,65c003ed000000000d01c67c,momo,https://sns-avatar-qc.xhscdn.com/avatar/1040g2jo31ovfqvd310005pe00fmjbhjs0hjd6c0?imageView2/2/w/120/format/jpg,0,,0,1763393784864,0
67d91790000000001501505d,1742280592000,,67d7e2cf000000001b025892,来了来了,6629e66900000000070043d1,风声,https://sns-avatar-qc.xhscdn.com/avatar/645b7efe1fc3de4c930effac.jpg?imageView2/2/w/120/format/jpg,0,,0,1763393784866,0
67d8abac0000000018006a51,1742252972000,,67d7e2cf000000001b025892,催更催更,59ade9f95e87e73371098fd8,🌰,https://sns-avatar-qc.xhscdn.com/avatar/1040g2jo31mbhbmunmg7049p96qkvj3uoa7mhv4o?imageView2/2/w/120/format/jpg,0,,0,1763393784869,0
67d7e6330000000012015791,1742202420000,,67d7e2cf000000001b025892,来了来了[飞吻R][飞吻R],5c5ed4ec000000001b00132d,卖男孩的小火柴,https://sns-avatar-qc.xhscdn.com/avatar/53ba1722242c3e9344db7b0fc2e1005f.jpg?imageView2/2/w/120/format/jpg,0,,0,1763393784870,0
67d7fce2000000001800b5c7,1742208227000,,67d7e2cf000000001b025892,应该养肥了一次性来看[笑哭R]等更新有点儿心焦,566eb10bcb35fb61de9be4cc,babytingting,https://sns-avatar-qc.xhscdn.com/avatar/634c3498a73b866d29f5939e.jpg?imageView2/2/w/120/format/jpg,0,,0,1763393784872,0
67dcd747000000001e03e21a,1742526280000,,67d7e2cf000000001b025892,米有18吗[哭惹R],5e4253670000000001009244,Chen_,https://sns-avatar-qc.xhscdn.com/avatar/1040g2jo3105u4o66625g5ni2adjg94i4b4g5dmg?imageView2/2/w/120/format/jpg,0,,0,1763393784875,2
67d9495800000000150021d7,1742293336000,,67d7e2cf000000001b025892,看了好几次了，电影真的好看,5b8a41e441082c0001cb6135,W.H,https://sns-avatar-qc.xhscdn.com/avatar/53ba1722242c3e9344db7b0fc2e1005f.jpg?imageView2/2/w/120/format/jpg,0,,0,1763393784877,1
67d96ee40000000018028a73,1742302948000,,67d7e2cf000000001b025892,追更,5b0d43f24eacab46360f1908,言归于郝局（上岸版）,https://sns-avatar-qc.xhscdn.com/avatar/1040g2jo31g31rgfkgi6g4a5osc1v4688o4q6tvg?imageView2/2/w/120/format/jpg,0,,0,1763393784879,2
67dae71e000000001801438c,1742399263000,,67d7e2cf000000001b025892,最恶心的就是Marco,5be66a0a6270090001e5e774,美丽罪人姐,https://sns-avatar-qc.xhscdn.com/avatar/6211b481d353a48e77985879.jpg?imageView2/2/w/120/format/jpg,0,,0,1763393784882,3
664cae8f000000001c00da26,1716301455000,,6641ff53000000001e0238dc,真真，妈妈爱你[哭惹R],6516fe0c0000000024015f3c,momo,https://sns-avatar-qc.xhscdn.com/avatar/1040g2jo31ovfjnvah0005p8mvo692npsie0vcl8?imageView2/2/w/120/format/jpg,10,,0,1763393793264,367
6653e5ec000000000e03155a,1716774380000,,6641ff53000000001e0238dc,棠宁的错在于她有一个完美的童年，她的成长是正常的，所以没办法接受棠夫人给她安排的路，所以一直在反抗担是她同样很爱棠夫人，精神压力大得快疯了，后面明知会死还是上船了，她实在是不想当工具了[哭惹R][哭惹R][哭惹R][哭惹R][哭惹R][哭惹R],55d41213e4b1cf5c1c13bbed,COCO,https://sns-avatar-qc.xhscdn.com/avatar/1040g2jo31132m3tome1041454s917evduagl730?imageView2/2/w/120/format/jpg,7,,0,1763393793267,329
6645b71600000000100291aa,1715844887000,,6641ff53000000001e0238dc,棠宁真的很爱她妈妈，她妈派给她的任务，她再不愿意，最后也会乖乖的照做，但始终都没得到妈妈的爱[哭惹R][哭惹R][哭惹R],6311a7f6000000001200c987,小红薯63121B42,https://sns-avatar-qc.xhscdn.com/avatar/166ad12ae9a7f6fbb4bbbf88d417895f.jpg?imageView2/2/w/120/format/jpg,4,,0,1763393793269,977
664fed620000000002002df4,1716514147000,,6641ff53000000001e0238dc,宁宁怎么选都是死路回家继续做妈妈的傀儡，出海就算到了缅甸段义又真的可靠吗，她在家里对妈妈发火生气最后都会为了妈妈去做事，棠宁爱妈妈也爱女儿可惜这两个人最后都放弃了这份爱,600983d5000000000100182e,努力减肥中～～,https://sns-avatar-qc.xhscdn.com/avatar/1040g2jo31fle9h9u045g5o09gfag861evivvkp8?imageView2/2/w/120/format/jpg,3,,0,1763393793270,162
664cb353000000001002b066,1716302676000,,6641ff53000000001e0238dc,“公主命，丫鬟身”[哭惹R][哭惹R][哭惹R],5f2f9bcc000000000100699c,信,https://sns-avatar-qc.xhscdn.com/avatar/1040g2jo31j0ethdm1a5g5npfjf608qcsr4v9ne8?imageView2/2/w/120/format/jpg,3,,0,1763393793272,81
6648cfee000000001002832d,1716047855000,,6641ff53000000001e0238dc,好心疼棠宁 这个女演员真的有一种特别吸引人的美,5b8dfcc826119236f506350f,momo,https://sns-avatar-qc.xhscdn.com/avatar/1040g2jo31npm5um96m0g4aptdlucgd8f773af1g?imageView2/2/w/120/format/jpg,2,,0,1763393793274,49
664e9b900000000012024a42,1716427665000,,6641ff53000000001e0238dc,这个电影我怎么都找不到资源可以看，然后网上解说博主也没遇到能更完的，导致我到现在也不知道后续的发展,5cb4eb33000000001602b5b0,篱酒微醺,https://sns-avatar-qc.xhscdn.com/avatar/1000g2jo2ln7p7esj205g5n5ktcpllddgic807ro?imageView2/2/w/120/format/jpg,12,,0,1763393793276,7
664bcfb6000000001c00edda,1716244407000,,6641ff53000000001e0238dc,[笑哭R]看完这个惠英红在我心里就是棠夫人，根本看不了她演别的,559a7babb7ba2242d79e59df,倾采mm,https://sns-avatar-qc.xhscdn.com/avatar/166ad12ae9a7f6fbb4bbbf88d417895f.jpg?imageView2/2/w/120/format/jpg,2,,0,1763393793278,24
665bd0d5000000001c01481c,1717293270000,,6641ff53000000001e0238dc,大棠真选柯佳嬿真的绝了，太像棠宁了,62259998000000001000cac7,贝拉喵,https://sns-avatar-qc.xhscdn.com/avatar/1040g2jo30njkbi4un0005oh5j6c41im7qpejqio?imageView2/2/w/120/format/jpg,3,,0,1763393793280,9
6650431e0000000010028836,1716536094000,,6641ff53000000001e0238dc,长大的真真是糖宁演的吗,588969ac5e87e749cd9b163d,蝙蝠折扇,https://sns-avatar-qc.xhscdn.com/avatar/1040g2jo31n1c6likmg00492r53kqo5htlr4e4io?imageView2/2/w/120/format/jpg,5,,0,1763393793281,2
66500b3b000000001c00de3f,1716521788000,,6641ff53000000001e0238dc,其实棠宁才是她们家里唯一保留人性善的一个，所以她最痛苦,54f33b17b4c4d61ebd0995d5,心想事陈女士,https://sns-avatar-qc.xhscdn.com/avatar/1040g2jo316outrgdju00401o1uthf5elgafa7j0?imageView2/2/w/120/format/jpg,0,,0,1763393797587,167
66421007000000000d030e60,1715605512000,,6641ff53000000001e0238dc,这个电影看得人太痛苦太压抑太难受了 不想再看第二遍,5f71b8a5000000000101da2e,芒果树瀑布,https://sns-avatar-qc.xhscdn.com/avatar/1040g2jo30ofhltkk2c005nrhn2igbmhe38bp330?imageView2/2/w/120/format/jpg,1,,0,1763393797590,27
665a8781000000000e030180,1717208961000,,6641ff53000000001e0238dc,感觉棠宁真的很有风情，骑小电车载着棠真的时候也很有妈妈的感觉。棠宁是有血有肉有情感的人，棠真在棠夫人的教导下逐渐进化成和棠夫人一样的怪物。这就注定真真和妈妈不是一路人。棠真肯定也没想到棠夫人会做的这么绝，为了权利炸死了自己的亲女儿。[哭惹R][哭惹R][哭惹R],62d927d5000000000303c19c,眼保健操,https://sns-avatar-qc.xhscdn.com/avatar/62d927d5000000000303c19c.jpg?imageView2/2/w/120/format/jpg,0,,0,1763393797593,71
67b865c6000000001803f330,1740137926000,,6641ff53000000001e0238dc,感觉棠宁是很爱真真的，可是她也没能力更好的保护真真[哭惹R],5a275e2b4eacab61cb0ebce4,创创,https://sns-avatar-qc.xhscdn.com/avatar/645c3c29926931df9df935c5.jpg?imageView2/2/w/120/format/jpg,0,,0,1763393797598,4
684005a00000000008026eb9,1749026209000,,6641ff53000000001e0238dc,棠宁是这个家里活得最没人样，骨子里最有人味的。,63804a7d000000001f01dcf0,雪落长河静无声,https://sns-avatar-qc.xhscdn.com/avatar/1040g2jo31nfqldq26g6g5os099unrn7gjco8bpg?imageView2/2/w/120/format/jpg,0,,0,1763393797600,3
665b71f5000000001c015ef7,1717268982000,,6641ff53000000001e0238dc,棠宁不宁，棠真不真,62486158000000001000c45c,momo,https://sns-avatar-qc.xhscdn.com/avatar/1040g2jo31olcsj6r0g6g5oi8c5c41h2sv2sd2m0?imageView2/2/w/120/format/jpg,0,,0,1763393797602,9
6808ee5e0000000013012033,1745415774000,,6641ff53000000001e0238dc,其实棠宁好可怜 她之所以去吸去喝8➕1 把自己搞得不像人样 因为她需要麻痹自己 否则根本就没办法活下去 所以她临走之前最大的愿望就是希望真真 一定要活得像人样,67335814000000001d02cfbc,kooo,https://sns-avatar-qc.xhscdn.com/avatar/1040g2jo31dtnk3cigs005ppjb0a7djtsgbntmig?imageView2/2/w/120/format/jpg,0,,0,1763393797608,2
664dbcf7000000000d031afe,1716370679000,,6641ff53000000001e0238dc,“不喜欢人家，也不用骂人家是🐷啊”,5cc017d30000000017024169,乐童,https://sns-avatar-qc.xhscdn.com/avatar/1040g2jo30qt93gungs6g5n602v9lsgb9hf38gdo?imageView2/2/w/120/format/jpg,0,,0,1763393797612,8
664c5d8d000000001c00f459,1716280717000,,6641ff53000000001e0238dc,她好悲惨[哭惹R],5c06932e6b58b72525329bf0,芝士的包子,https://sns-avatar-qc.xhscdn.com/avatar/1040g2jo31n0ahmeolm004bur1v9it6vghgnc0lo?imageView2/2/w/120/format/jpg,0,,0,1763393797616,1
66cdb65b000000000c01aa2a,1724757596000,,6641ff53000000001e0238dc,我猜是因为棠宁自己谈恋爱之类，破了处，然后他妈觉得她不能政治联姻到利益最大化了，所以让她去当交际花，所以才说她公主命,5dba3bbe000000000100984f,璐,https://sns-avatar-qc.xhscdn.com/avatar/1040g2jo314180ijnhm005ndq7ev0962f1pbj4j8?imageView2/2/w/120/format/jpg,0,,0,1763393797619,5
6652c712000000000800133c,1716700946000,,6641ff53000000001e0238dc,这部电影我觉得就是恐怖片，别的恐怖片我看完就完了，只有这部我看完浑身发冷,5f22eff2000000000101cc15,666,https://sns-avatar-qc.xhscdn.com/avatar/641738a68fbfe1bdd2841ff6.jpg?imageView2/2/w/120/format/jpg,0,,0,1763393801897,8
664e0dd9000000000800185c,1716391385000,,6641ff53000000001e0238dc,一定要活得像个人样 真真[哭惹R],5952712550c4b47c39cd75a9,烟熏芭蕉鱼,https://sns-avatar-qc.xhscdn.com/avatar/1040g2jo31opg13dtl80049kukhoiatd9qjn85t8?imageView2/2/w/120/format/jpg,0,,0,1763393801899,8
6650209b000000000d0311c9,1716527259000,,6641ff53000000001e0238dc,真真嘴上说不喜欢她，可每次都会帮她带颜料,5abd96d411be100510e1d998,铁锤妹妹🔨,https://sns-avatar-qc.xhscdn.com/avatar/1040g2jo31kion3cvj0004a422lbd9mcodkcg258?imageView2/2/w/120/format/jpg,0,,0,1763393801902,16
6653e65b000000000d030a6d,1716774491000,,6641ff53000000001e0238dc,我tm看了，我tm看不懂啊,59b601a382ec3921eb1b854b,谭小夏,https://sns-avatar-qc.xhscdn.com/avatar/1040g2jo30tmrp3b34i0049pk2b0q71abfroirrg?imageView2/2/w/120/format/jpg,0,,0,1763393801904,3
665a713b000000000f0053d5,1717203259000,,6641ff53000000001e0238dc,好绝望,6536d160000000000d0043e8,用户已注销,https://sns-avatar-qc.xhscdn.com/avatar/645b7eecf82b98b5c9349913.jpg?imageView2/2/w/120/format/jpg,0,,0,1763393801906,0
665010b8000000001c034a9a,1716523192000,,6641ff53000000001e0238dc,我是为你好,5466b142d6e4a91f326c44dc,玉京子玉京子玉京子📿,https://sns-avatar-qc.xhscdn.com/avatar/1040g2jo31nogh4mt5m00400js1ok4h6soft4jr0?imageView2/2/w/120/format/jpg,0,,0,1763393801908,3
66ac9eb8000000000b02a76c,1722588856000,,6641ff53000000001e0238dc,棠宁和棠真都好可怜，最后棠真被那个男的qj是真的给我惊到了，这里面真的是除了棠宁对棠真有点母女情之外一点真情都没有了,622257010000000021027524,卡萝拉,https://sns-avatar-qc.xhscdn.com/avatar/1040g2jo31lim8m71li6g5oh2as0oct94kf1hfro?imageView2/2/w/120/format/jpg,0,,0,1763393801910,14
664e0dca000000000200354a,1716391371000,,6641ff53000000001e0238dc,大家去看dy小鱼拉片对这部的解说 非常精彩透彻,5952712550c4b47c39cd75a9,烟熏芭蕉鱼,https://sns-avatar-qc.xhscdn.com/avatar/1040g2jo31opg13dtl80049kukhoiatd9qjn85t8?imageView2/2/w/120/format/jpg,0,,0,1763393801912,14
6911976e000000003800ac6c,1762760559000,浙江,6641ff53000000001e0238dc,我甚至不知道她要怎么做才会更好 更少一些痛苦 她的人生好像是注定的悲剧[哭惹R],5c22658b000000000602da8a,mingo,https://sns-avatar-qc.xhscdn.com/avatar/1040g2jo3151at2puhc005n12cm5hlmka1m20nc0?imageView2/2/w/120/format/jpg,0,,0,1763393801915,0
676f588400000000110192ba,1735350404000,,6641ff53000000001e0238dc,🍎,5f3fc7620000000001005022,krystal,https://sns-avatar-qc.xhscdn.com/avatar/1040g2jo30sgh0qmc3k005npvoth08k12q6siap0?imageView2/2/w/120/format/jpg,0,,0,1763393801916,0
68cdc4c20000000030021690,1758315714000,,6641ff53000000001e0238dc,[哭惹R]00,675bab9d000000001d02c267,小红薯675C4FAC,https://sns-avatar-qc.xhscdn.com/avatar/645b802c0f5b598e07f39dc7.jpg?imageView2/2/w/120/format/jpg,0,,0,1763393806240,0
6657f4f3000000001c017043,1717040371000,,6641ff53000000001e0238dc,@枫 血观音也很好看,5cfb11f30000000006009d35,桥本爱玉,https://sns-avatar-qc.xhscdn.com/avatar/1040g2jo31l6tlhcqlo605n7r27phh79lld1t6rg?imageView2/2/w/120/format/jpg,0,,0,1763393806243,1
6647698a000000001c037ebc,1715956107000,,6641ff53000000001e0238dc,这样的家庭[哭惹R]是没有爱的,5e58d764000000000100276a,你也喜欢雪人吗,https://sns-avatar-qc.xhscdn.com/avatar/1040g2jo30ooc71ip3e005nioqti089ramjj59u8?imageView2/2/w/120/format/jpg,0,,0,1763393806246,6
6645c40400000000090003df,1715848197000,,6641ff53000000001e0238dc,要活的有个人样！,5b17578e11be1053ae4939b8,neroxkyrie,https://sns-avatar-qc.xhscdn.com/avatar/1040g2jo3152j0act0m004a5vn6bosedofif5cvo?imageView2/2/w/120/format/jpg,0,,0,1763393806247,9
665c56b0000000001c017fe1,1717327536000,,66584e490000000014019860,我反而觉得…是因为棠宁陪的人太多了，棠夫人不知道棠真的亲生父亲是谁，但是碍于棠宁陪的都是一些有身份的人，又保不齐哪天真的能查到生夫的信息作为一步好棋，所以才留下这个孩子，且好好培养了,5c149dd9000000000500df1d,溜达鸡主理人,https://sns-avatar-qc.xhscdn.com/avatar/1040g2jo31k6ng42fio005n0kjnch9notkvenj7o?imageView2/2/w/120/format/jpg,8,,0,1763393814603,648
6687ecd50000000004009de7,1720184021000,,66584e490000000014019860,还有一个点，那个警官被裸照威胁到，不敢上报真相，而且他的上级是老将军的旧部下。其实老夫人保得住唐宁，只要再忍一下，唐宁就可以洗手不干享受美好生活了，而她威胁要告发，这么大一盘棋下到这时候，牵扯众多，才不得不牺牲了她。,59fee8864eacab39d99dc104,momo,https://sns-avatar-qc.xhscdn.com/avatar/1040g2jo31178drc86g0049v6n2k8dg84mm520u0?imageView2/2/w/120/format/jpg,6,,0,1763393814605,98
665ddaac000000001b004ea0,1717426861000,,66584e490000000014019860,推荐大家看下抖y的风泽拉片的讲解，真的讲的又细又好看,565927b4f53ee02a9f29c908,小德的乖乖日常（德文）,https://sns-avatar-qc.xhscdn.com/avatar/1040g2jo31f1sl7qlmi0043dcfdjr9i886vgttq8?imageView2/2/w/120/format/jpg,2,,0,1763393814607,58
66592d590000000012027005,1717120346000,,66584e490000000014019860,现实里林宅血案的专业杀手也是给死者嘴里塞糖，算是当地的一种迷信,5842cda26a6a696f7cb0fd23,老失眠家,https://sns-avatar-qc.xhscdn.com/avatar/1040g2jo31hivifm5ji1048ugas6q5v936d1lrk0?imageView2/2/w/120/format/jpg,2,,0,1763393814609,116
681d4cd3000000000702914b,1746750675000,,66584e490000000014019860,这部电影和我们国产电视剧人民的名义是我看了一半看不下去去看解说的，大概率是不符合我的价值观吧，坏人到底没有惩罚，没有背景的人最惨[失望R]。就连看解说我都感觉堵得慌,5b120b02e8ac2b0e1bda21e5,CHEN G希,https://sns-avatar-qc.xhscdn.com/avatar/5b361f01d2c8a51bd2693276.jpg?imageView2/2/w/120/format/jpg,2,,0,1763393814611,4
668e0694000000001802af15,1720583829000,,66584e490000000014019860,被第一张吓到了,5fb6880500000000010037eb,少年&山海,https://sns-avatar-qc.xhscdn.com/avatar/1040g2jo3147jtb1c4e405ntmh02g8dvb0qmd7r0?imageView2/2/w/120/format/jpg,3,,0,1763393814613,8
6828970400000000030379bc,1747490564000,,66584e490000000014019860,唐夫人说棠宁公主命丫鬟身，而且充满嫌弃，肯定一开始是按公主培养要嫁给好人家的，没想到她和别人搞大了肚子，唐夫人肯定觉得她扶不起来不中用。说真真是妹妹说明真真是将军在的时候出生的，后来将军死了，家道中落，棠宁没法用做联姻来找夫家庇护只剩做交际花这个用处了。,5673c683b8ce1a362b4bb7ad,geniecracker,https://sns-avatar-qc.xhscdn.com/avatar/1040g2jo316ahnchhio6g44e53e387dtdahnfid0?imageView2/2/w/120/format/jpg,0,,0,1763393814615,14
6659c188000000001c00aa80,1717158281000,,66584e490000000014019860,好有逻辑的筑波 爱了[皱眉R],5c335d44000000000602ca01,我爱刷牙（家有小狗版）,https://sns-avatar-qc.xhscdn.com/avatar/1040g2jo31catnodpgm005n1jbl21lig17hcomfg?imageView2/2/w/120/format/jpg,1,,0,1763393814617,4
6901147700000000330050cd,1761678455000,墨西哥,66584e490000000014019860,棠寧給棠真拷手銬那段 會不會是因為想讓棠真看清楚棠夫人的真面目才帶她到碼頭的啊？ 畢竟棠寧叫棠真好好活下去[呃R],625b8fb3000000002102a1fb,轉圈圈然後摔倒,https://sns-avatar-qc.xhscdn.com/avatar/1040g2jo31jdbgct5io005oirhupod8frh45us4g?imageView2/2/w/120/format/jpg,0,,0,1763393814619,0
68409816000000000900dbf7,1749063703000,,66584e490000000014019860,这一幕怼脸是真的把我心脏病都吓出来了,5e1c479f0000000001001454,肠地震男子,https://sns-avatar-qc.xhscdn.com/avatar/1040g2jo30r5jjgef18005ngs8ufg852khuo0jog?imageView2/2/w/120/format/jpg,0,,0,1763393814621,0
62b9cd7c0000000021037f62,1656343932000,,62b94bdd0000000004007cca,她要的是权势，情人只是她推在前面的一个棋子，大局势下她一个女人不好冲锋，当幕后更容易，今天她能扶起这个情人，明天她也能换一个人扶持，女儿对她来讲也不是不重要，而是只要她身居高位，女儿再沦落她一样有办法保她荣华富贵，就算顶罪她一样能把女儿捞出来，如果不是女儿起了叛逆之心不再保险，其实是不会死的,5b1c9f19e8ac2b64925aca24,妞妞爱吃鱼,https://sns-avatar-qc.xhscdn.com/avatar/1040g2jo31osvv98vh40g4a64ddfhjih48vbocqg?imageView2/2/w/120/format/jpg,5,,0,1763393827307,483
62b9cad80000000001026267,1656343256000,,62b94bdd0000000004007cca,这部电影唯一的不足就是马扣真的太丑了[失望R],5d31f4fb0000000011038f00,江村不见月,https://sns-avatar-qc.xhscdn.com/avatar/1000g2jo2qji05f8k80005n9hujtkf3o02a92j38?imageView2/2/w/120/format/jpg,16,,0,1763393827309,330
62b9cb5d000000000102fd30,1656343389000,,62b94bdd0000000004007cca,我看完觉得棠夫人能走到今天，任何人，任何事，都不能挡住她挡就杀，棠真若不听话，和棠宁下场一样，情人更不用说了，她擅长培养傀儡，操控傀儡，她不需要表面最高的位置，她只要实打实抓在手里的权利！不得不说惠英红演技真👍！其他演员也非常好，真想看一版惠英红演的武则天影视剧。,5d9a8f00000000000100aa9c,桃树下的茅草屋,https://sns-avatar-qc.xhscdn.com/avatar/1040g2jo30tnjfq374i005ncqhs009aksb27mva8?imageView2/2/w/120/format/jpg,2,,0,1763393827312,124
62ba0dc500000000010299dc,1656360389000,,62b94bdd0000000004007cca,她不是为了男人，表面上男人在前，实际背后的掌控者是她，她对权利金钱的欲望远超于亲情，女儿没有了还有孙女，就算都没有又怎样，她这一生也足够辉煌，她当时其实不知道她女儿孙女会不会上船，但一旦上船在她眼里就是背叛了她，就是要被除去的。在咱们普通人眼里，无法想象那其中的利益有多大，每个人其实都有价格，不过是看重什么罢了。比如你很爱自己的男友，有个人出现说你把他让给我，给你十万，百万。你可能轻蔑的一笑，可是这个价格是亿，十亿，百亿，这辈子你什么都不用干就能活得辉煌有权利，那你会不会放弃你爱的人？我很喜欢这个电影，女人也可以有野心有事业心，虽然我并不赞同棠母的做法，可是在那个位置，谁也无法保证自己会怎么做,616063220000000002019c22,用户已注销,https://sns-avatar-qc.xhscdn.com/avatar/2b4cefbb01e0a0824f5c173dde7f98b2.jpg?imageView2/2/w/120/format/jpg,9,,0,1763393827314,92
62b9b0d7000000000e03f89b,1656336599000,,62b94bdd0000000004007cca,棠母追求的是权力地位这些大目标，在这个目标下，什么都可以牺牲,5aa885e0e8ac2b5a61f91f91,塞瓦斯托波尔左卫门肉燥,https://sns-avatar-qc.xhscdn.com/avatar/1040g2jo31na542595m004a3b5g2u07sh2hmepu0?imageView2/2/w/120/format/jpg,0,,0,1763393827316,86
62ba2e93000000000f0064dc,1656368787000,,62b94bdd0000000004007cca,徐克拍的狄仁杰里武则天说过 欲成大事者 至亲亦可杀，棠宁对于她来说就是个工具人而已，她早就看中棠真成为她的继承人了,5a83bd3d11be107ca99d9e27,Tsuki🌙（和汪苏泷见面8次版）,https://sns-avatar-qc.xhscdn.com/avatar/1040g2jo31htfg065j4004a1f0tujr7h7j3sh4oo?imageView2/2/w/120/format/jpg,1,,0,1763393827317,48
62b9ca80000000000102e1f2,1656343168000,,62b94bdd0000000004007cca,电影里多处暗示“上下”，最后棠夫人和冯手上下颠倒，反客为主，暗示她才是主导这场阴谋和关系的核心，冯何尝不是她上位的手段，所有人都被她利用而已。她早年卖女儿跟富商高官“交朋友”，早不在乎棠宁名节，杀她也不是不小心，段忠段义是知情者必须灭口，她暗示过女儿不要跑，棠宁何尝不知道夫人的手段，她宁可死也不想留下来过这种生活了。棠真跟林翩翩也早有嫌隙，二者表面是闺蜜实则林翩翩处处欺压讽刺棠真，她爱上marco并不一定是因为林翩翩喜欢她，某种程度上是少女情怀的初恋，她杀林翩翩，背叛生母，只剩下的一点单纯最后也被初恋抹杀了。,61069c0900000000010077da,用户已注销,https://sns-avatar-qc.xhscdn.com/avatar/645b7c0d1d74d41345e61461.jpg?imageView2/2/w/120/format/jpg,1,,0,1763393827319,39
62ba5e9c000000000303f984,1656381084000,,62b94bdd0000000004007cca,其实棠夫人希望自己的女儿一直支持自己的权利，而且是脑子清楚的支持，让引诱谁就引诱谁，让嫁人就嫁人，但是如果有一天女婿是障碍了，棠宁也要下狠手解决丈夫，所以其实核心点就是可以给女儿很多，甚至她做替罪羊进去了也会管她，可以捞出来她，让她一辈子衣食无忧。但是，女儿必须牺牲一切包括生命去支持她的权欲，其他的不重要。,5c03ba4a0000000008006e11,花火雨霏,https://sns-avatar-qc.xhscdn.com/avatar/63d53a14cecffc84bacda8de.jpg?imageView2/2/w/120/format/jpg,4,,0,1763393827321,25
62b9bb0e00000000040014d8,1656339214000,,62b94bdd0000000004007cca,女儿只是工具人啊，唐宁在她眼里算是废了，只有身体上可以拿去交换一些资源，可以背这么大一个锅，也算她有一点用处。唐真是有点心机手段在身上的，所以当成继承人培养。完全就是看不同的资质做工具罢了，最重要的是自己的权力地位跟那个男人没啥关系，男人也是工具人。,60288a250000000001003b96,马上发财东锡,https://sns-avatar-qc.xhscdn.com/avatar/642c310cb81a2b454d575b6e.jpg?imageView2/2/w/120/format/jpg,1,,0,1763393827323,38
62ba68ee0000000002001f37,1656383726000,,62b94bdd0000000004007cca,我看不懂棠真在火车上是自杀还是不慎坠车。,58b185b05e87e76815340054,momo,https://sns-avatar-qc.xhscdn.com/avatar/6419415be504802fffce5d1d.jpg?imageView2/2/w/120/format/jpg,7,,0,1763393827325,0
6354dfce000000001a0037b8,1666506702000,,62b94bdd0000000004007cca,为什么最后marco没事了？不是发现了就会被顶罪吗？最后林家的案子了结了吗？,62a4a1cf00000000210256dc,momo,https://sns-avatar-qc.xhscdn.com/avatar/1040g2jo31i2rrs4v7c6g5ol4k77oclms8tkqnq0?imageView2/2/w/120/format/jpg,0,,0,1763393831597,2
62efc159000000001b01bf65,1659879769000,,62b94bdd0000000004007cca,她不是为了情夫，是因为走到那一步了，另一个议长垮台了，而他上台了，她肯定要去巴结新上任的那个，然后把功劳往自己身上揽。并不是特地为了他才这样,621efd990000000021023cfd,AC,https://sns-avatar-qc.xhscdn.com/avatar/62846fea0f8150a6d97dc1c1.jpg?imageView2/2/w/120/format/jpg,0,,0,1763393831600,0
62eb068100000000190111b6,1659569793000,,62b94bdd0000000004007cca,唐宁不跑也死不了，手上有廖队长和他的床照。廖队长把菩萨送回去就说明了会帮她们瞒下来。,5ac9d98311be1053e246fe83,滕啾啾,https://sns-avatar-qc.xhscdn.com/avatar/5ac9d9c2b46c5d083fb1d234.jpg?imageView2/2/w/120/format/jpg,0,,0,1763393831602,1
62e3800600000000120294b5,1659076614000,,62b94bdd0000000004007cca,电影里才有的情节嘛 不然怎么卖钱？,5e212cec0000000001004ecd,林林arya,https://sns-avatar-qc.xhscdn.com/avatar/1040g2jo31ladui0f5i005nh15jm08jmdoge8tf0?imageView2/2/w/120/format/jpg,0,,0,1763393831603,0
62e1443a000000001b018614,1658930234000,,62b94bdd0000000004007cca,刷了两遍，超好看,5721b6774775a7695566f727,用户已注销,https://sns-avatar-qc.xhscdn.com/avatar/645b7e90e29f7d0acadad8aa.jpg?imageView2/2/w/120/format/jpg,0,,0,1763393831606,0
62d9ffd20000000011011ff6,1658453970000,,62b94bdd0000000004007cca,她自己就是像棠宁一样上位的 只是女儿有羞耻心 而她完全视道德如草芥 才会有这样令人作呕的家族秘辛让我们窥探,5bf6d3e6f0316500019b1d1d,momo,https://sns-avatar-qc.xhscdn.com/avatar/1000g2jo2o17lg1gju0004bt1n79uc78tqvro648?imageView2/2/w/120/format/jpg,0,,0,1763393831608,1
62d8f29c0000000014022589,1658385052000,,62b94bdd0000000004007cca,你想想古往今来男人成事害死自己亲人的还少吗，还美其名曰 无毒不丈夫,5bd418e8190eb300011c462e,用户已注销,https://sns-avatar-qc.xhscdn.com/avatar/645b809d1b0ee4025dc47735.jpg?imageView2/2/w/120/format/jpg,0,,0,1763393831610,9
62d7cfdc000000001200e827,1658310620000,,62b94bdd0000000004007cca,她那个情夫也只是垫脚石，最后他情夫去摸她的手，她反手就把自己的手盖在男人手上了，这个细节代表她‘把控’着情夫。总有一天她会踩着情夫上位的。,594b20a050c4b409999f97f0,心碎小猫,https://sns-avatar-qc.xhscdn.com/avatar/1040g2jo311dohmr2me5g49kkikga15vg7o9mag0?imageView2/2/w/120/format/jpg,0,,0,1763393831612,4
62d4e019000000001200cd7c,1658118169000,,62b94bdd0000000004007cca,这个电影绝了！,57d00adc6a6a691adb47177d,小红薯64AA1F99,https://sns-avatar-qc.xhscdn.com/avatar/645b802c0f5b598e07f39dc7.jpg?imageView2/2/w/120/format/jpg,0,,0,1763393831614,1
62d4175a0000000021039288,1658066778000,,62b94bdd0000000004007cca,大女儿的号一早就已经养废了，而且大女儿心里也有数，二女儿是新号,5922edef5e87e70dd0550342,DONG搅拌棒,https://sns-avatar-qc.xhscdn.com/avatar/1040g2jo30op0h8qvje0049h35rmuu0q2rf3ls78?imageView2/2/w/120/format/jpg,0,,0,1763393831615,1
62cf7278000000001002ada6,1657762424000,,62b94bdd0000000004007cca,在棠母眼里一切人都是她实现目标（获取权势）的工具而已。,5d413980000000001102b3e5,momo,https://sns-avatar-qc.xhscdn.com/avatar/5ee5b33e3c902b00016ee85c.jpg?imageView2/2/w/120/format/jpg,0,,0,1763393835975,0
62ccd75b000000000b02d43d,1657591643000,,62b94bdd0000000004007cca,她根本不是为了情夫 她是为了自己 情夫也是她上位的棋子,5837dad63460942a0e2f6edf,靠北,https://sns-avatar-qc.xhscdn.com/avatar/1040g2jo31kq1i4nu300048spaoddcrmveckft40?imageView2/2/w/120/format/jpg,0,,0,1763393835977,0
62cb0782000000000f007138,1657472898000,,62b94bdd0000000004007cca,翩翩是唐真杀的 用凳子压住管子,5721c80784edcd523f253b31,LoneMoon,https://sns-avatar-qc.xhscdn.com/avatar/62c6d73b0cd277d9be3c9eff.jpg?imageView2/2/w/120/format/jpg,0,,0,1763393835979,4
62bd5029000000000400440c,1656573993000,,62b94bdd0000000004007cca,因为进去的是棠夫人的话，她的女儿孙女是没有能力把她流出来的，如果进去的是她女儿，棠夫人是有能力把他女儿捞出来，这就是当时为什么棠夫人把女儿推出去的原因,59dc72f351783a3bec50461c,爱喝大🍐🍎汁,https://sns-avatar-qc.xhscdn.com/avatar/1040g2jo3180h6v8ajk6049snnjpf6hgsjlalacg?imageView2/2/w/120/format/jpg,0,,0,1763393835981,7
62bd33180000000002000b12,1656566552000,,62b94bdd0000000004007cca,棠母是为了自己的权利欲望，电影最后那个男人拉她手的时候，棠母把手放在了他手的上方就是隐喻。,5cc13f18000000001102461e,Momo plus,https://sns-avatar-qc.xhscdn.com/avatar/64a51fd164427ecbe464fc74.jpg?imageView2/2/w/120/format/jpg,0,,0,1763393835982,0
62bc9946000000002103d17e,1656527174000,,62b94bdd0000000004007cca,绝了这电影，真的，希望再拍类似的电影,5cde71c4000000001002c166,妮猫蒂,https://sns-avatar-qc.xhscdn.com/avatar/1040g2jo31ba6rc1j6o005n6ue7245gb610bqqa8?imageView2/2/w/120/format/jpg,0,,0,1763393835985,0
62bc2db6000000000400ada0,1656499638000,,62b94bdd0000000004007cca,去年看了很多别人的细节方面解析，比较相信的是：1.夫人可能不是正室（将军下属没那么敬重，送往迎来的熟练有点像酒家女），在棠宁生女后失宠失势，因此心态扭曲，看重名利。2.一开始想给女儿找个人好好嫁了，但是因为棠真的来历，母女被圈子里的人看轻，就像一开始院长夫人故意说错话讽刺一样，那就只能当作交际花培养（有说法Marco也是林夫人的男交际花）。,5e25263e000000000100269b,用户已注销,https://sns-avatar-qc.xhscdn.com/avatar/d784fc20c996f3d2f39d034c404f234e.jpg?imageView2/2/w/120/format/jpg,0,,0,1763393835987,7
62bc26fa000000000603b2ac,1656497914000,,62b94bdd0000000004007cca,电影有个细节，情人当选后握着唐夫人的手，唐把手抽出来，握着情人的手。她不是为了推举情人，一切服务自己的野心。,565ac6d17c5bb87e18095b8b,不吃凉,https://sns-avatar-qc.xhscdn.com/avatar/61e2ac910e9c577acacd8830.jpg?imageView2/2/w/120/format/jpg,0,,0,1763393835989,1
62bc246e0000000021035701,1656497262000,,62b94bdd0000000004007cca,没点开大图，我以为中间坐的是李珊[笑哭R],5a80053111be10412edb453b,hermitalt,https://sns-avatar-qc.xhscdn.com/avatar/67b48425310bb734a99d390a.jpg?imageView2/2/w/120/format/jpg,0,,0,1763393835991,0
62bc0c20000000000400bda8,1656491040000,,62b94bdd0000000004007cca,你看懂了很多，但是最后怎么会认为棠母只是为了情人？很明显啊，任何人都是棠母的垫脚石。,577e278650c4b460ffe12169,IamYuri,https://sns-avatar-qc.xhscdn.com/avatar/411309441983cdc4ce073ff8da73b5b6.jpg?imageView2/2/w/120/format/jpg,0,,0,1763393835994,2
62bbdb2f000000000400b510,1656478511000,,62b94bdd0000000004007cca,越是做了亏心事，越需要念经文找回内心的平静。,5928c7a65e87e73795bd73c2,难以抗拒你容颜,https://sns-avatar-qc.xhscdn.com/avatar/1040g2jo31p010nstj26049hgq03qcsu20c9kt50?imageView2/2/w/120/format/jpg,0,,0,1763393840325,3
62bbb816000000000303d492,1656469526000,,62b94bdd0000000004007cca,左手抄经 右手杀人,60867f6b0000000001005ee0,桥Gene,https://sns-avatar-qc.xhscdn.com/avatar/1040g2jo31d4qj15j0m005o46ftlg8nn0k61gr4g?imageView2/2/w/120/format/jpg,0,,0,1763393840328,4
62bbb5c500000000040047d3,1656468933000,,62b94bdd0000000004007cca,相比电影结尾的时候，棠真就像变成了一个‘帝国’的王一样，说明棠真比棠宁做事更入流，女儿和孙女之间，她选择牺牲女儿保全孙女，押宝押对了，女儿没有白白浪费生命，因为这一死能换来好多利益。女儿对她的背叛，最后让她决定，一切的权利金钱名望的铺垫，全部留给孙女吧。,594cbc1a5e87e74cd02e1048,用户已注销,https://sns-avatar-qc.xhscdn.com/avatar/645b7e78731e07eb8ca3d81b.jpg?imageView2/2/w/120/format/jpg,0,,0,1763393840330,9
62bb9a26000000000102dee2,1656461862000,,62b94bdd0000000004007cca,当权利和金钱足够大的时候，是会牺牲掉一些东西的！不过棠母有提醒她不要上船啊。而且我感觉就算棠宁背了锅进去了，棠母也有办法把她捞出来。,5cb9c687000000001702f80f,布布,https://sns-avatar-qc.xhscdn.com/avatar/650c4893-219b-3b3e-9416-5711b8354da9?imageView2/2/w/120/format/jpg,0,,0,1763393840335,3
62bb2ddf00000000040011b9,1656434143000,,62b94bdd0000000004007cca,因为《血观音》，同年的《大佛普拉斯》被压了一头，两部都是好片子,5b56c3de6b58b71edf0e5f39,用户已注销,https://sns-avatar-qc.xhscdn.com/avatar/645b7eecf82b98b5c9349913.jpg?imageView2/2/w/120/format/jpg,0,,0,1763393840338,3
62bab9db0000000021038d99,1656404443000,,62b94bdd0000000004007cca,你做事不干不净根本不入流,59280ddc6a6a691254f6aa76,没有脚脖子,https://sns-avatar-qc.xhscdn.com/avatar/1040g2jo317sctcs0ka0049hfgf6tpajmqie1oq8?imageView2/2/w/120/format/jpg,0,,0,1763393840340,2
62baabe0000000002103ccdc,1656400864000,,62b94bdd0000000004007cca,哪里能看？我想手机看[笑哭R],58c95c0a82ec3914e8c97f5d,羊吃了梦,https://sns-avatar-qc.xhscdn.com/avatar/1040g2jo31fosf6mi7i0049a1sie0kvqtmkv888g?imageView2/2/w/120/format/jpg,0,,0,1763393840342,0
62ba9fe500000000040068ef,1656397797000,,62b94bdd0000000004007cca,请问哪儿可以看呢？,5483c26ed6e4a91b73c9706a,圣诞真快乐！,https://sns-avatar-qc.xhscdn.com/avatar/627390f7374c60e7a56f862a.jpg?imageView2/2/w/120/format/jpg,1,,0,1763393840344,0
62ba9b3d000000000400b7b4,1656396605000,,62b94bdd0000000004007cca,其实我不理解最后钱为什么要打到棠宁账上，女儿背锅了自己就不受牵连吗……而且钱也得被没收,5b194d70e8ac2b5f001b2e85,Yvonne,https://sns-avatar-qc.xhscdn.com/avatar/63fe89591a5c041f3a69f9c9.jpg?imageView2/2/w/120/format/jpg,2,,0,1763393840346,3
62ba95da0000000004003300,1656395226000,,62b94bdd0000000004007cca,其实 她暗示过唐宁不要上船，这是她作为母亲的最后一丝善良吧,587f8d2482ec393e3a468430,叛逆男闺蜜,https://sns-avatar-qc.xhscdn.com/avatar/632dab54cb1e0318b1b1967b.jpg?imageView2/2/w/120/format/jpg,3,,0,1763393840347,5
62ba94f6000000002103fe63,1656394998000,,62b94bdd0000000004007cca,走上权利中心是为了追求什么呢？家人都被棠母害死了，棠母也老了为了啥也不知道。,58c21413346094347f0dde08,天雨-罗袂高端设计,https://sns-avatar-qc.xhscdn.com/avatar/1040g2jo31ges99qt3s6g4993f9a17ng8kme923g?imageView2/2/w/120/format/jpg,5,,0,1763393844668,2
62ba8fe20000000004001312,1656393698000,,62b94bdd0000000004007cca,都是她的垫脚石啊…孙女说成女儿就是为了不影响宁继续当交际花为她所用，而且洗完的钱进的是宁的账户出了事也是要甩锅给宁…完全没有感情可言了,5d0ddc50000000001202604f,胸口碎大石,https://sns-avatar-qc.xhscdn.com/avatar/5f76eb85a8204500012c917f.jpg?imageView2/2/w/120/format/jpg,1,,0,1763393844670,2
62ba844b000000002103cf78,1656390731000,,62b94bdd0000000004007cca,这种狠角色真是又让人害怕又有魅力,5f67435e000000000101facb,momo,https://sns-avatar-qc.xhscdn.com/avatar/1040g2jo31keektmfj0005nr78df0bumbn3mvqv0?imageView2/2/w/120/format/jpg,0,,0,1763393844673,1
62ba7ce4000000000102f976,1656388836000,,62b94bdd0000000004007cca,很简单，她女儿和她还是有些不一样，成不了她所谓的“大事”,5810cdd06a6a693252857ba2,妙妙是只小公猫,https://sns-avatar-qc.xhscdn.com/avatar/6063326918131b19860d1183.jpg?imageView2/2/w/120/format/jpg,1,,0,1763393844675,4
62ba7a94000000002103cdf2,1656388244000,,62b94bdd0000000004007cca,可以纵向时间思考下吧，棠夫人棠家原来是将军之家，就意味着原来钱权都有。你看所有电视剧里主角都有个特殊的身世，就会有种使命感，憋着一口气重振家族，当然棠夫人没那么高尚，但她追求钱权的心气会比棠宁更甚（棠宁家败落时她应该还没成年，所以她没她母亲那种狠劲）。在重振之路上，棠真和她是一路人，棠宁不是不仅比她们脆弱，还有拆台的可能性，所以。个人理解哈。,5c531aa5000000001a03007b,箬笠不轻风雨斜,https://sns-avatar-qc.xhscdn.com/avatar/65187ff93fea99acb0d3b476.jpg?imageView2/2/w/120/format/jpg,1,,0,1763393844678,4
62ba6e7a000000000f00bf2d,1656385146000,,62b94bdd0000000004007cca,棠宁是棠夫人的白手套，坑别人的钱都在她的账号里。现在棠夫人得罪了别人要被举报，只能牺牲唐宁去坐牢。,5ffd1784000000000101dc1d,逢考必过,https://sns-avatar-qc.xhscdn.com/avatar/1040g2jo31mhsctsr5i605nvt2u20bn0tvstdpho?imageView2/2/w/120/format/jpg,0,,0,1763393844683,2
62ba68e000000000040065a7,1656383712000,,62b94bdd0000000004007cca,女儿对她来说只是工具啊 她做的一切都是为了她自己而已  帮情人上位也是为了她自己,5bcabf4c9007ec0001fd95ab,百岁山,https://sns-avatar-qc.xhscdn.com/avatar/1040g2jo31c48dotngs004bhhajvkp5dbvqt0f1g?imageView2/2/w/120/format/jpg,0,,0,1763393844685,0
62ba4cc7000000000f00739d,1656376519000,,62b94bdd0000000004007cca,她并不是一开始就放弃女儿的，是因为女儿没有以色事人的自觉，在第一次失身之后就精神崩溃，失去人生动力，放浪形骸声名狼藉，不堪大用。用她的话说，小姐命，丫鬟身。但即使这样，棠夫人还是希望她过得好一点，为她寻求较好的结婚对象（可惜女儿一旦意识到结婚对象是可资母亲利用的，立刻表示不满），她对女儿是有爱和关心的，虽然这种爱比较畸形和另类。当然，棠真的快速成长也是棠夫人果断抛弃女儿的契机。,624c68900000000010005adc,睢筻詹,https://sns-avatar-qc.xhscdn.com/avatar/1000g2jo2ms3uvlgjq06g5oicd2840mmsehk47qg?imageView2/2/w/120/format/jpg,4,,0,1763393844687,8
62ba39230000000004003e1c,1656371491000,,62b94bdd0000000004007cca,请问有人知道哪里能看这电影的英文字幕吗？我好想分享给我的小伙伴一起看！！！,5a2cd31511be1046673ac59d,TC,https://sns-avatar-qc.xhscdn.com/avatar/1040g2jo30nrb34t610004a06gj9hbhctpbb0g2o?imageView2/2/w/120/format/jpg,0,,0,1763393844689,1
62b9eb30000000000400447f,1656351536000,,62b94bdd0000000004007cca,我觉得棠真和棠妈就是天生的一类人而已[笑哭R]权力的动物，乖乖女只是在有更强大的同类倾轧的状态下一种隐忍不发和学习而已，她喜欢Marco是因为他是一种权力的具象物，我没记错的话他是母女都陪的，所以他本人是没有选择权更不存在爱情的，谁有钱谁有权谁就能拥有他，就好比古代君王的美女咯，既然是权力的具象那当然就是不顾一切的抢过来啊，唐明皇儿子的老婆都能抢，塑料姐妹算什么，本来她最想要的就是权力当然也不可能跟亲妈走了，她就需要棠母的平台啊，至于认可我是没看出她有什么需要的，最多就是有点价值观的共鸣吧，跟那种帝王父子差不多[偷笑R]。,59075ff86a6a691ecd8391e0,呵呵,https://sns-avatar-qc.xhscdn.com/avatar/60d892d5736e9b02387be6d9.jpg?imageView2/2/w/120/format/jpg,0,,0,1763393844691,6
6342ae1f000000001b003b3d,1665314335000,,633079c70000000017017842,不不，是她女儿自甘堕落未婚先孕，断绝了自己想泰坦尼克号里肉丝那种高嫁的可能性，妈妈为了位置阶级不下坠才无所不用其极的,54df63152e1d9314f1c5998f,宛宛小姐,https://sns-avatar-qc.xhscdn.com/avatar/5e6ca6bcf8d8bc0001c20174.jpg?imageView2/2/w/120/format/jpg,18,,0,1763393853416,132
6345a3860000000017017686,1665508230000,,633079c70000000017017842,连胜文外号就叫神猪,58a9467a11b4e74cc2b4d1e2,多财多亿小贝壳,https://sns-avatar-qc.xhscdn.com/avatar/1040g2jo31oedb62306004960di37lkf2uev9838?imageView2/2/w/120/format/jpg,6,,0,1763393853418,36
634cb9fc00000000080264cb,1665972732000,,633079c70000000017017842,为什么我觉得棠夫人地位很低，总是在巴结别人，就像个拉皮条的，完全看不出是将军的老婆,61b74ea2000000001000bdf9,方呆呆,https://sns-avatar-qc.xhscdn.com/avatar/1040g2jo31m4qg1tm5i005odn9qh41ffphjbqpng?imageView2/2/w/120/format/jpg,4,,0,1763393853422,14
634563dd000000000e01091c,1665491933000,,633079c70000000017017842,为啥删我评论啊[哭惹R],61b5ea29000000001000bd73,今年我要早早睡,https://sns-avatar-qc.xhscdn.com/avatar/1040g2jo30rfcq89n1c6g5odlt8kk1fbjb1jq9j0?imageView2/2/w/120/format/jpg,1,,0,1763393853425,6
6354f458000000001702ad55,1666511960000,,633079c70000000017017842,还有棠真说了什么被林太太发现林翩翩和marco有染，棠真不是说了句有啊，marco有帮我去追就怎么被发现了[哭惹R]不懂[哭惹R],62a4a1cf00000000210256dc,momo,https://sns-avatar-qc.xhscdn.com/avatar/1040g2jo31i2rrs4v7c6g5ol4k77oclms8tkqnq0?imageView2/2/w/120/format/jpg,1,,0,1763393853427,1
636209d9000000000b032bff,1667369433000,,633079c70000000017017842,夹在中间的她，最可悲最可怜,630f15e5000000001200036d,查克图斯特拉莫噜齐,https://sns-avatar-qc.xhscdn.com/avatar/1040g2jo31ln9gjk25e605oof2nikg0rd6sk56h0?imageView2/2/w/120/format/jpg,0,,0,1763393853428,1
635bd1de000000001a01adf2,1666961886000,,633079c70000000017017842,谢啦,62a4a1cf00000000210256dc,momo,https://sns-avatar-qc.xhscdn.com/avatar/1040g2jo31i2rrs4v7c6g5ol4k77oclms8tkqnq0?imageView2/2/w/120/format/jpg,0,,0,1763393853431,0
6354f453000000001902c7e5,1666511955000,,633079c70000000017017842,为什么最后marco没事了？不是发现了就会被顶罪吗？最后林家的案子了结了吗？[哭惹R],62a4a1cf00000000210256dc,momo,https://sns-avatar-qc.xhscdn.com/avatar/1040g2jo31i2rrs4v7c6g5ol4k77oclms8tkqnq0?imageView2/2/w/120/format/jpg,0,,0,1763393853432,0
6354c5ad0000000018014bf1,1666500013000,,633079c70000000017017842,我是真看不懂这部电影[哭惹R][哭惹R],6190795a000000001000ff63,用户已注销,https://sns-avatar-qc.xhscdn.com/avatar/645b802c0f5b598e07f39dc7.jpg?imageView2/2/w/120/format/jpg,0,,0,1763393853435,1
634ecc42000000001200bee2,1666108482000,,633079c70000000017017842,哪个播放器能看[捂脸R],5ae549b04eacab0d1fe94cce,岂有此🐥李,https://sns-avatar-qc.xhscdn.com/avatar/5ae549b04eacab0d1fe94cce.jpg?imageView2/2/w/120/format/jpg,0,,0,1763393853437,1
68ce7cfc000000003001d168,1758362876000,,68c9fc3d00000000130343b7,欢迎进群一同讨论影视穿搭： 织簿同好会,5b6ce49e47a7c3000129a51d,Wordrobe织簿,https://sns-avatar-qc.xhscdn.com/avatar/1040g2jo31nca1l0cmg004abroki9t98t0mrouk8?imageView2/2/w/120/format/jpg,0,,0,1763393861702,0
68d0e527000000003002615b,1758520615000,,68c9fc3d00000000130343b7,解析的很好[飞吻R],5653cb229eb57806ea7fd3de,玩票咖啡🥤ICARcofee,https://sns-avatar-qc.xhscdn.com/avatar/5653cb229eb57806ea7fd3de.jpg?imageView2/2/w/120/format/jpg,1,,0,1763393861708,0
68d21c1300000000300161cb,1758600212000,,68c9fc3d00000000130343b7,吓死啦，开头声音状态和731里面小女孩喇叭上喊的好像“健康换取自由”[哭惹R],5f82dad80000000001001175,七问.,https://sns-avatar-qc.xhscdn.com/avatar/1040g2jo310abmp756o6g5ns2rbc084bl8mdfbgo?imageView2/2/w/120/format/jpg,1,,0,1763393861711,2
68d0f220000000003002f255,1758523936000,,68c9fc3d00000000130343b7,“我也有件白色的洋装吔”[偷笑R],609863f1000000000101c527,万谦,https://sns-avatar-qc.xhscdn.com/avatar/60986421ec2d95bf8c216f9f.jpg?imageView2/2/w/120/format/jpg,0,,0,1763393861716,0
68ca2be500000000020011b1,1758079974000,,68c9fc3d00000000130343b7,先点再看[偷笑R],5d84e70c000000000100854d,一般不写诗,https://sns-avatar-qc.xhscdn.com/avatar/5d8d64cddaee110001f8217c.jpg?imageView2/2/w/120/format/jpg,0,,0,1763393861720,1
68d119ea00000000300302b0,1758534122000,,68c9fc3d00000000130343b7,设计感重工刺绣黑玫瑰纱裙,5b6ce49e47a7c3000129a51d,Wordrobe织簿,https://sns-avatar-qc.xhscdn.com/avatar/1040g2jo31nca1l0cmg004abroki9t98t0mrouk8?imageView2/2/w/120/format/jpg,0,,0,1763393861723,0
613ae005000000000102b35e,1631248389000,,613ac7090000000021034eb0,有条影评印象深刻——全员恶女的戏，哪有不好看的？,59ef30e9e8ac2b2a0f941871,momo,https://sns-avatar-qc.xhscdn.com/avatar/66b8a2c37885eb6c640b0ade.jpg?imageView2/2/w/120/format/jpg,2,,0,1763393870070,48
613ae0200000000001027f03,1631248416000,,613ac7090000000021034eb0,孙女就不让外婆死。[笑哭R][笑哭R],5d773b2f000000000100abe5,冰箱里的麦芽糖,https://sns-avatar-qc.xhscdn.com/avatar/1040g2jo31hl3a5dp3u005nbn7cng9av5cael5ao?imageView2/2/w/120/format/jpg,1,,0,1763393870072,14
613acef6000000000102ca6c,1631244022000,,613ac7090000000021034eb0,小女儿是二女儿生的[石化R],59f896e04eacab19a5f4fab3,小红薯655F96A9,https://sns-avatar-qc.xhscdn.com/avatar/645b7c0d1d74d41345e61461.jpg?imageView2/2/w/120/format/jpg,4,,0,1763393870075,0
613ac88f000000002103fcb1,1631242383000,,613ac7090000000021034eb0,电影叫啥,5a90f99611be1026b41eb24a,烟烟了了,https://sns-avatar-qc.xhscdn.com/avatar/1040g2jo31mtcv1ge4s004a1njuspdciadr5b19o?imageView2/2/w/120/format/jpg,1,,0,1763393870077,5
613ac87a000000002103bd7e,1631242362000,,613ac7090000000021034eb0,啥电影,5e6327bf00000000010035f9,小红薯62FFB204,https://sns-avatar-qc.xhscdn.com/avatar/0dd6f7e91ce0bea602fbc47515b7c72f.jpg?imageView2/2/w/120/format/jpg,2,,0,1763393870079,0
613ac98d000000000102b580,1631242637000,,613ac7090000000021034eb0,船那个镜头 有被吓到,5b62ef2be8ac2b7755ae31f4,Noodle🐾,https://sns-avatar-qc.xhscdn.com/avatar/1040g2jo31ds9numgh0004a8dmfnimcfkomehpl8?imageView2/2/w/120/format/jpg,1,,0,1763393870081,0
613adabb000000002003d9c1,1631247035000,,613ac7090000000021034eb0,红姐的影后不是盖的，尤其是教文琪画画那段,5bb8dc7794605e0001fea0d0,JC的瑜籽酱,https://sns-avatar-qc.xhscdn.com/avatar/1040g2jo30v8stcmh5a604bb8k8e7f86gno7bid0?imageView2/2/w/120/format/jpg,0,,0,1763393870083,6
613acef30000000021006310,1631244019000,,613ac7090000000021034eb0,好看，大佛普拉斯也好看,5fba5033000000000100ae01,Seven,https://sns-avatar-qc.xhscdn.com/avatar/1040g2jo31j44v8r31a6g5ntqa0pg9bg1ehav0no?imageView2/2/w/120/format/jpg,0,,0,1763393870085,5
613adabe0000000021001b8c,1631247038000,,613ac7090000000021034eb0,人心永远比鬼更恐怖,5f433f220000000001002dfa,四月觅食记,https://sns-avatar-qc.xhscdn.com/avatar/5f433f220000000001002dfa.jpg?imageView2/2/w/120/format/jpg,0,,0,1763393870087,3
613b4f7d000000002003e0ab,1631276925000,,613ac7090000000021034eb0,现实生活中的人性才是最恐怖的恐怖片,5c7e4321000000001202b92f,后知后觉,https://sns-avatar-qc.xhscdn.com/avatar/1040g2jo31k6ubo2e2o505n3u8cgkle9fluk90pg?imageView2/2/w/120/format/jpg,0,,0,1763393870089,2
613b1819000000002103c690,1631262745000,,613ac7090000000021034eb0,这部超喜欢，惠英红好厉害,570cf8e14775a7055525b61b,喵,https://sns-avatar-qc.xhscdn.com/avatar/5b2bb186d1d3b97165087272.jpg?imageView2/2/w/120/format/jpg,0,,0,1763393874996,1
613aef390000000021037ad7,1631252281000,,613ac7090000000021034eb0,太喜欢惠英红了，怎么有人这么端庄这么美[叹气R],5c6c45ce0000000011010df2,略略略,https://sns-avatar-qc.xhscdn.com/avatar/63c17da6cecffc84baca4c66.jpg?imageView2/2/w/120/format/jpg,0,,0,1763393874999,2
613ad569000000002003d905,1631245673000,,613ac7090000000021034eb0,我好喜欢这部电影，有段时间单曲循环里面那个《纯情青春梦》[笑哭R],5ab6727b4eacab5fd173f765,甜味曲奇饼,https://sns-avatar-qc.xhscdn.com/avatar/63ef47dc3cd9ccd92bf5bacc.jpg?imageView2/2/w/120/format/jpg,0,,0,1763393875001,0
613ad33600000000210393c3,1631245110000,,613ac7090000000021034eb0,这个电影是真好看,5a008c874eacab1a080e193b,弯仔码头,https://sns-avatar-qc.xhscdn.com/avatar/6471d011ab51b7b4dc4aac33.jpg?imageView2/2/w/120/format/jpg,0,,0,1763393875004,2
666ae9b200000000150128c7,1718282674000,,6656bd8a00000000150083d1,有资源吗,5c72a5de000000001201c986,伤心小椰子,https://sns-avatar-qc.xhscdn.com/avatar/1040g2jo3175j11ipgm005n3iknf4jic6uvejfa0?imageView2/2/w/120/format/jpg,0,,0,1763393883365,1
6661a1c1000000000502ffaf,1717674434000,,6656bd8a00000000150083d1,血观音电影,6342b9df000000001901dc87,时间淡化过去,https://sns-avatar-qc.xhscdn.com/avatar/63ee1a81da7c019b3a1d071a.jpg?imageView2/2/w/120/format/jpg,0,,0,1763393883370,1
69167588000000003300e9fe,1763079560000,内蒙古,683bd6eb000000000303e88e,最近这篇老树开花但为何没人评论,666151630000000007005fb2,lady_tulip,https://sns-avatar-qc.xhscdn.com/avatar/1040g2jo31p04n8r932605pj1a5hhontifoh0km8?imageView2/2/w/120/format/jpg,0,,0,1763393891766,0
676d63b800000000100190dd,1735222200000,,676d61d6000000000800e9b9,这个是真的好看[皱眉R],5eae233c0000000001000963,ch4,https://sns-avatar-qc.xhscdn.com/avatar/1040g2jo31hluql2b3a605nle4cu082b3esg1s68?imageView2/2/w/120/format/jpg,1,,0,1763393908492,0
676d629d000000000d03b1e9,1735221917000,,676d61d6000000000800e9b9,值得深思的佳作[哭惹R][哭惹R][哭惹R][哭惹R],6026a0e50000000001008133,泥小枝丸了,https://sns-avatar-qc.xhscdn.com/avatar/1040g2jo31letvh4ole6g5o16k3ig909jgoo7ac0?imageView2/2/w/120/format/jpg,1,,0,1763393908495,1
676d623a000000000e010c58,1735221818000,,676d61d6000000000800e9b9,棠家三个女人都太绝了[哭惹R],65ac7a30000000000e021766,sparkkkkk,https://sns-avatar-qc.xhscdn.com/avatar/1040g2jo31bo8jnpfgs005pdcf8o3k5r6fg0fj5g?imageView2/2/w/120/format/jpg,1,,0,1763393908497,2
676e2f18000000001200d906,1735274264000,,676d61d6000000000800e9b9,太痛了,5d0f07f20000000012033b3d,wwwwwwwwwwwww,https://sns-avatar-qc.xhscdn.com/avatar/1040g2jo318mksdk0ju5g5n8f0vp4mept13pkc40?imageView2/2/w/120/format/jpg,0,,0,1763393908499,1
656d32fc00000000060202ad,1701655292000,,656c9c08000000003c010ee7,在哪个平台？不会又是百度啥的那个吧,5aad164a4eacab11754dd470,发癫的老师,https://sns-avatar-qc.xhscdn.com/avatar/1040g2jo31gvva0ukjq5g4a3m4sb4ll3gumh6bmo?imageView2/2/w/120/format/jpg,3,,0,1763393916829,0
657c08f9000000002200e9d6,1702627577000,,656c9c08000000003c010ee7,我不认可棠真从马克那里寻求真爱，从她对林翩翩见死不救就能看出，她从小就已经被棠夫人调教得极度自私，她只是想要占有马克，却并没有确认过马克是不是也爱他。因为棠夫人从小对她潜移默化的影响，她没有是非观，比如对棠宁只有厌恶，没有半分作为女儿对母亲的关爱。,54b14610b4c4d65f85e77372,海蓝色的jiao,https://sns-avatar-qc.xhscdn.com/avatar/62060f8cac8a39c1965bd824.jpg?imageView2/2/w/120/format/jpg,2,,0,1763393916834,16
663797d30000000010029bd9,1714919379000,,6630c18e000000001e035a43,是这样的，长大了习惯性代入到大人的视角，实际上当你真的换位思考就会知道，反抗的原因,5fddb1c4000000000100472d,咔咔卡卡卡,https://sns-avatar-qc.xhscdn.com/avatar/1040g2jo31nvrcve0mg605nutm7208hpdgp0dho0?imageView2/2/w/120/format/jpg,0,,0,1763393925144,3
663797aa00000000030174b3,1714919339000,,6632e159000000001e039231,棠宁很惨，但是她自身才是真正走向毁灭的原因,5fddb1c4000000000100472d,咔咔卡卡卡,https://sns-avatar-qc.xhscdn.com/avatar/1040g2jo31nvrcve0mg605nutm7208hpdgp0dho0?imageView2/2/w/120/format/jpg,1,,0,1763393949970,4
68f3828c0000000037012124,1760789133000,,68f26ae1000000000503352b,最近和我妈妈一起晚上刷电影 今晚看春潮,6312b29e000000001200e564,撒欢儿的包子,https://sns-avatar-qc.xhscdn.com/avatar/1040g2jo31b4a0ektng005ooimaf4hpb41cvfls8?imageView2/2/w/120/format/jpg,4,,0,1763393958320,1
68f381f8000000003300ea9e,1760788985000,,68f26ae1000000000503352b,我的天我刚想着这两部电影 真的有些压抑的地方特别像[捂脸R],6312b29e000000001200e564,撒欢儿的包子,https://sns-avatar-qc.xhscdn.com/avatar/1040g2jo31b4a0ektng005ooimaf4hpb41cvfls8?imageView2/2/w/120/format/jpg,1,,0,1763393958325,2
68763a87000000001e01ff45,1752578696000,,686955dc000000002203e1de,说的太好了😭,5ed79764000000000101de6a,Esther✨,https://sns-avatar-qc.xhscdn.com/avatar/1040g2jo3190fu9qn44005nmniti0bnja0mk0ss0?imageView2/2/w/120/format/jpg,1,,0,1763394083215,0
68763b09000000001e01b0ef,1752578825000,,686955dc000000002203e1de, @挠铃 给我看哭了。。,5ed79764000000000101de6a,Esther✨,https://sns-avatar-qc.xhscdn.com/avatar/1040g2jo3190fu9qn44005nmniti0bnja0mk0ss0?imageView2/2/w/120/format/jpg,0,,0,1763394083218,1
618fc6b80000000021034134,1636812472000,,618bec060000000021037589,感觉棠宁是电影里最可怜无奈的人,5c34b7d20000000007015193,想被Bjd美人们包围,https://sns-avatar-qc.xhscdn.com/avatar/634ea1f00ba05eec2332cd44.jpg?imageView2/2/w/120/format/jpg,2,,0,1763394091596,6
6198674500000000210358ea,1637377861000,,618bec060000000021037589,好恐怖 不敢看,5ac775c8e8ac2b4f443f4e24,葵葵葵葵秋,https://sns-avatar-qc.xhscdn.com/avatar/1040g2jo31b3ti2v2ne004a4b11qsgjh4ml4k17g?imageView2/2/w/120/format/jpg,1,,0,1763394091598,1
6193b4b200000000210395b9,1637070002000,,618bec060000000021037589,这部电影看完 我昨晚睡觉都是悬疑故事 一幕一幕在梦境里 [笑哭R][笑哭R],5c69933b0000000011011a65,由他吧,https://sns-avatar-qc.xhscdn.com/avatar/6452564146534cda96f885f8.jpg?imageView2/2/w/120/format/jpg,1,,0,1763394091601,1
619605d400000000210396e3,1637221844000,,618bec060000000021037589,我感觉棠宁可能没有死，开场评弹的秀卿姑是棠宁劫后余生的新身份，不然开头也不会说棠真电话的意思,5e5ce8450000000001003304,用户已注销,https://sns-avatar-qc.xhscdn.com/avatar/166ad12ae9a7f6fbb4bbbf88d417895f.jpg?imageView2/2/w/120/format/jpg,2,,0,1763394091603,2
618f6ff3000000002100377c,1636790259000,,618bec060000000021037589,可以分享下资源嘛[大笑R],5d05cdeb0000000011018742,momo,https://sns-avatar-qc.xhscdn.com/avatar/1040g2jo315sd578j0q005n85pnlkb1q26ab5sr8?imageView2/2/w/120/format/jpg,0,,0,1763394091605,0
6285da12000000002103d061,1652939282000,,618bec060000000021037589,棠宁对母亲和女儿的爱。反而里面所有的爱都是跟棠宁有关，仿佛只有她才是里面最有血有肉，但是正是这样才让她成为最痛苦的不人不鬼。,5a2670d7e8ac2b316c8e82a6,Nicole,https://sns-avatar-qc.xhscdn.com/avatar/1040g2jo31jrfi46sj26g4a03o8odf0l6s45odu8?imageView2/2/w/120/format/jpg,0,,0,1763394091607,0
6878be17000000000401e742,1752743448000,,6833367d0000000020029578,这素忘记调色版……,62ad9ff6000000001b0259bb,想得太多脑袋会痛,https://sns-avatar-qc.xhscdn.com/avatar/1040g2jo31hf35hlqju0g5oldjvr6smdr24uqoqg?imageView2/2/w/120/format/jpg,0,,0,1763394108328,1
63cbbd99000000001903fa41,1674296729000,,63c9316f000000001f00a016,好看,6198d618000000001000b27e,安好,https://sns-avatar-qc.xhscdn.com/avatar/61ad682fd60fefeb37859e1c.jpg?imageView2/2/w/120/format/jpg,1,,0,1763394117089,0
63cbf24f0000000024021216,1674310223000,,63c9316f000000001f00a016,新年快乐[飞吻R],6198d618000000001000b27e,安好,https://sns-avatar-qc.xhscdn.com/avatar/61ad682fd60fefeb37859e1c.jpg?imageView2/2/w/120/format/jpg,0,,0,1763394117096,0
67e6a71500000000120002d6,1743169301000,,67e69afe000000001b026a7f,"影片的主题是“这世上最绝望的不是眼前的刑罚，而是无爱的未来”我觉得无爱的未来也不可怕，爱的本质是给予，不愿给予便不要奢求获得他人的爱。但没有爱，还有欲望。基于欲望，人也可以存活。

人生的本质是欲望，而当欲望无论如何无法满足的时候，就是可以翩然而去的时候。",60968e3e000000000101f73e,..,https://sns-avatar-qc.xhscdn.com/avatar/1040g2jo31lndjl0jlm0g5o4mhov0btpukjvm5og?imageView2/2/w/120/format/jpg,1,,0,1763394133699,1
685d11270000000020033adc,1750929704000,,685bbefc0000000022030eba,爱不爱无所谓，有权有钱是要紧[害羞R],64e84bd1000000000101341b,令晖的光辉,https://sns-avatar-qc.xhscdn.com/avatar/1040g2jo31j4a72pihe5g5p789f8gad0rufcvepg?imageView2/2/w/120/format/jpg,1,,0,1763394142018,2
685f8785000000001101b246,1751091078000,,685bbefc0000000022030eba,好看,5e60fdec0000000001006b03,是夏宁不是宁夏,https://sns-avatar-qc.xhscdn.com/avatar/529594cd91bbf4c43608131bf9134bdc.jpg?imageView2/2/w/120/format/jpg,1,,0,1763394142021,1
68f4f2da000000003802a927,1760883419000,广东,68f3cc44000000000301f866,只是为了偶像亲妹妹看的，不然不会看，电影太压抑了,662266d1000000000700544b,惠玲,https://sns-avatar-qc.xhscdn.com/avatar/1040g2jo31eqbckpsmi6g5ph2cr8hol2b0590fj8?imageView2/2/w/120/format/jpg,0,,0,1763394150367,0
6714f6e40000000020022ffb,1729427173000,,6714f458000000002401a192,我当时回了：省省吧，我不需要。但是被骂“不懂感恩，不知好坏[哭惹R]”,648fd902000000001001f280,city不city的小兔叽,https://sns-avatar-qc.xhscdn.com/avatar/1040g2jo3173dhpf8k46g5p4fr4143sk0pitk4r0?imageView2/2/w/120/format/jpg,1,,0,1763394167462,1
